export,import 1,import 2,import 3
Abrasive Powder,Boat Propellers,Umbrellas,Seats
Acrylic Polymers,Ketones and Quinones,"Sulfonated, Nitrated or Nitrosated Hydrocarbons",Halogenated Hydrocarbons
Activated Carbon,Pitch Coke,Hydrometers,Plastic Housewares
Acyclic Alcohols,Acyclic Hydrocarbons,Reaction and Catalytic Products,Refined Petroleum
Agglomerated Cork,Prepared Cotton,Other Cutlery,Debacked Cork
Air Conditioners,Bedspreads,Refined Copper,Plastic Housewares
Air Pumps,Wood Kitchenware,Musical Instrument Parts,Electromagnets
Aldehydes,Refined Copper,"Industrial Fatty Acids, Oils and Alcohols",Cyclic Hydrocarbons
Aluminium Bars,Densified Wood,Other Iron Products,Paper Containers
Aluminium Cans,Other Coloring Matter,Other Nitrogen Compounds,Rubber Inner Tubes
Aluminium Foil,Non-Retail Pure Cotton Yarn,Iron Ore,Sulfate Chemical Woodpulp
Aluminium Housewares,Glass Balls,Styrene Polymers,Raw Copper
Aluminium Oxide,Other Mineral,Other Copper Products,Scrap Copper
Aluminium Pipe Fittings,Medical Furniture,Electric Batteries,Plastic Lids
Aluminium Pipes,Iron Springs,Casting Machines,Silicates
Aluminium Plating,Other Lead Products,Nickel Bars,Rubber Footwear
Aluminium Structures,Stone Working Machines,Tulles and Net Fabric,Knitted or crocheted fabrics of a width exceeding 30 cm
Aluminium Wire,Scrap Copper,Metallic Fabric,Stranded Copper Wire
Amine Compounds,Carboxyamide Compounds,Unsaturated Acyclic Monocarboxylic Acids,Ketones and Quinones
Amino-resins,Cellulose,Acrylic Polymers,Halogenated Hydrocarbons
Animal Fat,Plastic Lids,Small Iron Containers,Rubber Tires
Animal Food,Other Agricultural Machinery,Industrial Food Preperation Machinery,Paper Containers
Animal Meal and Pellets,Rubber Belting,Wheat,Other Agricultural Machinery
Animal or Vegetable Fertilizers,Iron Structures,Other Iron Products,Twine and Rope
Antibiotics,Iron Ore,Pitch Coke,Chemical Analysis Instruments
Antifreeze,Electrical Ignitions,Confectionery Sugar,Flat-Rolled Stainless Steel
Antiknock,Alkylbenzenes and Alkylnaphthalenes,Surveying Equipment,Light Fixtures
Apples and Pears,Kraft Paper,Other Non-Knit Clothing Accessories,Other Knit Clothing Accessories
Aqueous Paints,Copper Housewares,Ornamental Ceramics,Knit Sweaters
Architectural Plans,Other Leather Articles,Instructional Models,Neck Ties
Artificial Filament Sewing Thread,Chemical Analysis Instruments,Copper Powder,Audio Alarms
Artificial Filament Yarn Woven Fabric,Non-Retail Artificial Filament Yarn,Non-Retail Silk Yarn,Other Vegetable Fibers Fabric
Artificial Fur,Tulles and Net Fabric,Flax Fibers,Thermostats
Artificial Graphite,Tulles and Net Fabric,Raw Nickel,Ferroalloys
Artificial Vegetation,Iron Ore,Sulfate Chemical Woodpulp,Recovered Paper Pulp
Artistry Paints,Prepared Paint Driers,Ethylene Polymers,Non-Retail Animal Hair Yarn
Asbestos Cement Articles,Felt or Coated Fabric Garments,Pumice,Iron Housewares
Asbestos Fibres,Forging Machines,Metal Finishing Machines,Liquid Fuel Furnaces
Asphalt,Retail Wool or Animal Hair Yarn,Nickel Pipes,Knitted Hats
Audio Alarms,Other Engines,Bells and Other Metal Ornaments,Iron Housewares
"Awnings, Tents, and Sails",Equine and Bovine Hides,Scrap Plastic,Stranded Copper Wire
Baked Goods,Industrial Food Preperation Machinery,Washing and Bottling Machines,Other Plastic Sheetings
Balances,Boat Propellers,Other Electrical Machinery,Broadcasting Equipment
Ball Bearings,Wood Kitchenware,Household Washing Machines,Copper Pipes
Bananas,Grapes,Human Hair,Umbrella and Walking Stick Accessories
Bandages,Copper Housewares,Audio Alarms,Zinc Sheets
Barley,Other Agricultural Machinery,Mill Machinery,Harvesting Machinery
Base Metal Watches,Imitation Jewellery,Hats,Other Knit Clothing Accessories
Basketwork,Microphones and Headphones,Non-Knit Women's Shirts,Non-Knit Women's Suits
Bathroom Ceramics,Iron Ore,Sulfate Chemical Woodpulp,Recovered Paper Pulp
Batteries,Glass Balls,Non-Retail Combed Wool Yarn,Other Isotopes
Beauty Products,Umbrellas,Frozen Vegetables,Base Metal Watches
Bedspreads,Refined Copper,Other Vegetable Residues,Phenols
Beer,Paper Containers,Other Plastic Sheetings,Other Agricultural Machinery
Bells and Other Metal Ornaments,Iron Ore,Artificial Textile Machinery,Electrical Resistors
Bi-Wheel Vehicle Parts,Recovered Paper Pulp,Copper Foil,Non-Retail Animal Hair Yarn
"Bicycles, delivery tricycles, other cycles",Flat-Rolled Iron,Bi-Wheel Vehicle Parts,Tanned Goat Hides
Binoculars and Telescopes,Fairground Amusements,Instructional Models,"Awnings, Tents, and Sails"
Blank Audio Media,Office Machine Parts,Medical Instruments,Instructional Models
Blankets,Soybeans,Looms,Non-Retail Pure Cotton Yarn
Boiler Plants,Iron Powder,Hot-Rolled Iron,Other Stainless Steel Bars
Book-binding Machines,Umbrellas,Other Frozen Vegetables,Clock Cases and Parts
Bovine,Oil Seed Flower,Other Small Iron Pipes,Cereal Meal and Pellets
Bran,Poultry,Other Agricultural Machinery,Paper Containers
Broadcasting Accessories,Signaling Glassware,Copper Foil,Broadcasting Equipment
Broadcasting Equipment,Watch Straps,Precious Stone Dust,Optical Fibers and optical fibre bundles
Brochures,Processed Mushrooms,Rubber Sheets,Special Pharmaceuticals
Brooms,Equine and Bovine Hides,Soybeans,Artificial Textile Machinery
Buckwheat,Mill Machinery,Prefabricated Buildings,Sunflower Seeds
Building Stone,Tulles and Net Fabric,Stone Working Machines,Labels
Bulbs and Roots,Ceramic Tableware,Portable Lighting,Traffic Signals
Butter,Dairy Machinery,Particle Board,Iron Housewares
Buttons,Other Women's Undergarments,Knitted or crocheted fabrics of a width not exceeding 30 cm,Other Vegetable Fibers Fabric
Cabbages,Melons,Raw Sugar,Nitrites and Nitrates
Calculators,Gold,Other Edible Animal Products,Copper Housewares
Calendars,Coal Tar Oil,Chemical Analysis Instruments,Other Sugars
Candles,Reclaimed Rubber,Scrap Plastic,Ground Nut Meal
Carbides,Pitch Coke,Coral and Shells,Other Mineral
Carbon,Nickel Pipes,"Industrial Fatty Acids, Oils and Alcohols",Chemical Analysis Instruments
Carbon-based Electronics,Stone Working Machines,Pitch Coke,Ball Bearings
Carbonates,Non-Mechanical Removal Machinery,Pulley Systems,Machinery Having Individual Functions
Carboxylic Acids,Chemical Analysis Instruments,Phenols,Other Tin Products
Carded Wool or Animal Hair Fabric,Horsehair Yarn,Non-Knit Men's Shirts,Carboxyamide Compounds
Cars,Motor vehicles; parts and accessories (8701 to 8705),Electrical Lighting and Signalling Equipment,Seats
Cast Iron Pipes,Aluminium Plating,Glass Working Machines,Other Plastic Products
Cast or Rolled Glass,Cobalt,"Machines and apparatus of a kind used solely or principally for the manufacture of semiconductor boules or wafers, semiconductor devices, electronic integrated circuits or flat panel displays","Niobium, Tantalum, Vanadium and Zirconium Ore"
Casting Machines,Graphite,Manganese,Petroleum Gas
Cathode Tubes,Uncoated Paper,Other Domestic Electric Housewares,Laboratory Glassware
Cellulose,Borax,Vegetable Saps,Amine Compounds
Cellulose Fibers Paper,Non-woven Textiles,Uncoated Paper,Kaolin Coated Paper
Cement,Wood Crates,Small Iron Containers,Wheat
Cement Articles,Raw Plastic Sheeting,Float Glass,Synthetic Filament Yarn Woven Fabric
Central Heating Boilers,Liquid Fuel Furnaces,Other Plastic Sheetings,Other Iron Products
Centrifuges,Bells and Other Metal Ornaments,Light Fixtures,Salt
Ceramic Bricks,Rolling Machines,Stone Working Machines,Machinery Having Individual Functions
Ceramic Tableware,Ethylene Polymers,Clocks with Watch Movements,Sugar Preserved Foods
Cereal Meal and Pellets,Harvesting Machinery,Mill Machinery,Other Agricultural Machinery
Cermets,Zinc Powder,Silver,Nickel Powder
Chalk,Other Coloring Matter,Phosphinates (hypophosphites) and phosphonates (phosphites),Aluminium Housewares
Chalkboards,Leather further prepared after tanning or crusting of sheep or lamb,Equine and Bovine Hides,Other Edible Animal Products
Cheese,Peat,Particle Board,Milk
Chemical Analysis Instruments,Sawn Wood,Uncoated Paper,Rubber Stamps
Chlorates and Perchlorates,Other Headwear,Mechanical Wood Pulp,Cooking Hand Tools
Chlorides,Cutlery Sets,Casting Machines,Other Mineral
Chocolate,Confectionery Sugar,Washing and Bottling Machines,Other Plastic Sheetings
Citrus,Dried Fruits,Buckwheat,Animal or Vegetable Fertilizers
Clays,Iron Housewares,Other Iron Products,"Awnings, Tents, and Sails"
Cleaning Products,Waxes,Acrylic Polymers,Polyacetals
Cloves,Pepper,Spice Seeds,"Nutmeg, mace and cardamons"
Coal Briquettes,Machinery Having Individual Functions,Centrifuges,Aluminium Wire
Coal Tar Oil,Chlorides,Coated Flat-Rolled Iron,Other Iron Products
Coated Flat-Rolled Iron,Coal Briquettes,Knit Gloves,Coke
Coated Metal Soldering Products,Other Plastic Products,Centrifuges,Glass Bulbs
Coated Textile Fabric,Silk-worm Cocoons,Platinum Clad Metals,Reclaimed Rubber
Cocoa Powder,Cocoa Paste,Copper Housewares,Soybean Meal
"Coconuts, Brazil Nuts, and Cashews",Aluminium Foil,Knit Active Wear,Raw Plastic Sheeting
Coffee,Sulphur,Titanium,Oxygen Heterocyclic Compounds
Coffee and Tea Extracts,Other Vinyl Polymers,Print Production Machinery,Plastic Pipes
Coke,Iron Ore,Manganese Ore,Quartz
Cold-Rolled Iron,Tar,Seats,Glass Mirrors
Combs,Microscopes,Iron Ore,Precious Stones
Combustion Engines,Precious Metal Scraps,Non-Knit Active Wear,Engine Parts
Compasses,Bells and Other Metal Ornaments,Iron Housewares,Other Furniture
Composite Paper,Umbrella and Walking Stick Accessories,Plastic Building Materials,Gum Coated Textile Fabric
Compounded Unvulcanised Rubber,Carbon,Rubberworking Machinery,Rubber Pipes
Computers,Other Measuring Instruments,Photographic Chemicals,"Machines and apparatus of a kind used solely or principally for the manufacture of semiconductor boules or wafers, semiconductor devices, electronic integrated circuits or flat panel displays"
Concentrated Milk,"Awnings, Tents, and Sails",Scales,Other Knit Garments
Confectionery Sugar,Other Plastic Sheetings,Industrial Food Preperation Machinery,Raw Plastic Sheeting
Conveyor Belt Textiles,Copper Plating,Silver Clad Metals,Photographic Paper
Cooking Hand Tools,Audio and Video Recording Accessories,Sulfate Chemical Woodpulp,Semi chemical Woodpulp
Copper Fasteners,Electric Motor Parts,Copper Bars,Copper Housewares
Copper Housewares,"Niobium, Tantalum, Vanadium and Zirconium Ore",Rubber Thread,Other Edible Animal Products
Copper Pipe Fittings,Copper Housewares,Scrap Copper,Scrap Plastic
Copper Pipes,Refined Copper,Manganese Ore,Chemical Analysis Instruments
Copper Wire,Pickled Foods,Valves,Brochures
Corn,Mill Machinery,Iron Radiators,Liquid Dispersing Machines
Corrugated Paper,Scales,Other Knit Clothing Accessories,Other Knit Garments
Cotton Sewing Thread,Textile Fiber Machinery,Felt Machinery,Ethylene Polymers
Cranes,Petroleum Resins,Seats,Hydraulic Brake Fluid
Cucumbers,Melons,Legumes,Other Vegetables
Cutlery Sets,Iron Ore,Equine and Bovine Hides,Tanned Equine and Bovine Hides
Cutting Blades,Wooden Tool Handles,Sawn Wood,Cooking Hand Tools
Dairy Machinery,Other Aluminium Products,Woodworking machines,Liquid Dispersing Machines
Delivery Trucks,Motor vehicles; parts and accessories (8701 to 8705),Electrical Lighting and Signalling Equipment,Padlocks
Dental Products,Electrical Ignitions,Leather Apparel,Rubber Pipes
Dextrins,Sulfuric Acid,Knitted Hats,Knit Men's Suits
Drafting Tools,Chemical Analysis Instruments,Microscopes,Ferroalloys
Dried Fruits,Animal or Vegetable Fertilizers,Buckwheat,Sowing Seeds
Dried Legumes,Harvesting Machinery,Mill Machinery,Particle Board
Dried Vegetables,Other Oily Seeds,Soybeans,Chemical Analysis Instruments
Drilling Machines,Metalworking Machine Parts,Aluminium Plating,Boiler Plants
Dyeing Finishing Agents,Synthetic Coloring Matter,Amine Compounds,Chlorates and Perchlorates
Edible Offal,Industrial Food Preperation Machinery,Washing and Bottling Machines,Mill Machinery
Eggs,Washing and Bottling Machines,Paper Containers,Poultry
Electric Batteries,Copper Foil,Nickel Sheets,Oxometallic or Peroxometallic Acid Salts
Electric Filament,Other Edible Animal Products,Starches,Leather further prepared after tanning or crusting of animals (other than ovine)
Electric Furnaces,Hair Trimmers,Copper Fasteners,Other Cloth Articles
Electric Generating Sets,Electric Motors,Stainless Steel Ingots,Equine and Bovine Hides
Electric Heaters,Copper Powder,Non-Retail Animal Hair Yarn,Glass Beads
Electric Motor Parts,Other Synthetic Fabrics,Tulles and Net Fabric,Other Carpets
Electric Motors,Electric Motor Parts,Iron Housewares,Metal Insulating Fittings
Electric Musical Instruments,Unmanned aircraft,Calculators,Microphones and Headphones
Electric Soldering Equipment,Air Conditioners,Citrus and Melon Peels,Raw Aluminium
Electrical Capacitors,Watch Cases and Parts,Neck Ties,Other Clocks and Watches
Electrical Control Boards,Refined Copper,Halides,Frozen Bovine Meat
Electrical Ignitions,Electromagnets,Alkaline Metals,Non-Knit Men's Undergarments
Electrical Insulators,Metalworking Transfer Machines,Metal Insulating Fittings,Non-Mechanical Removal Machinery
Electrical Lighting and Signalling Equipment,Signaling Glassware,Insulated Wire,Polyacetals
Electrical Power Accessories,Other Electrical Machinery,Walking Sticks,Other Knit Clothing Accessories
Electrical Resistors,Other Glass Articles,Fairground Amusements,Other Electrical Machinery
Electrical Transformers,Tin Bars,Copper Bars,Other Edible Animal Products
Electromagnets,Glass with Edge Workings,Non-Retail Artificial Filament Yarn,Other Cloth Articles
Engine Parts,Dried Vegetables,Water Soluble Proteins,Other Inorganic Acids
Enzymes,Wheat Gluten,Portable Lighting,Other Inedible Animal Products
Essential Oils,Insect Resins,Aldehydes,Other Sugars
Ethers,Other Coloring Matter,Petroleum Resins,Epoxides
Ethylene Polymers,Acyclic Hydrocarbons,Reaction and Catalytic Products,Petroleum Jelly
Excavation Machinery,Other Stainless Steel Bars,Iron Housewares,Kaolin Coated Paper
Eyewear,Non-Retail Carded Wool Yarn,Eyewear Frames,Non-Knit Active Wear
Fairground Amusements,Baked Goods,Jams,Umbrella and Walking Stick Accessories
Feldspar,Electric Furnaces,Other Glass Articles,Raw Zinc
Felt,Other Synthetic Fabrics,Jute Woven Fabric,Hemp Fibers
Felt or Coated Fabric Garments,Chromium Ore,Iron Ore,Non-Retail Pure Cotton Yarn
Fermented Milk Products,Metal Stoppers,Aluminium Bars,Hot-Rolled Iron
Fish Fillets,Other Floating Structures,Twine and Rope,Netting
"Fish: dried, salted, smoked or in brine",Twine and Rope,Iron Chains,Other Iron Products
Fishing and Hunting Equipment,Other Plastic Products,Rubber Footwear,Knitted Hats
Flat Flat-Rolled Steel,Coal Briquettes,Casting Machines,Ferroalloys
Flat-Rolled Iron,Carbides,Casting Machines,Aluminium Powder
Flat-Rolled Stainless Steel,Copper Plating,Other Metals,Nickel Sheets
Flavored Water,Paper Containers,Industrial Food Preperation Machinery,Other Plastic Sheetings
Flax Fibers,Iron Chains,Rubber Sheets,Knitted or crocheted fabrics of a width exceeding 30 cm
Flax Woven Fabric,Decals,Phenols,Ethylene Polymers
Flexible Metal Tubing,Turpentine,Synthetic Filament Yarn Woven Fabric,Utility Meters
Float Glass,Safety Glass,Metalworking Transfer Machines,Synthetic Rubber
Footwear Parts,Tanned Equine and Bovine Hides,Leather of Other Animals,Leather further prepared after tanning or crusting of animals (other than ovine)
Forging Machines,Kaolin Coated Paper,Vegetable Parchment,Petroleum Resins
Fork-Lifts,Shaped Wood,Dolomite,Knitted Hats
Friction Material,Other Esters,Hard Rubber,Carboxylic Acids
Frozen Fruits and Nuts,Raw Plastic Sheeting,Paper Spools,Other Plastic Products
Frozen Vegetables,Peat,Raw Sugar,Wood Crates
Fruit Juice,Vinyl Chloride Polymers,Pure Olive Oil,Other Frozen Vegetables
Furskin Apparel,Iron Ore,Asbestos,Non-optical Microscopes
Garden Tools,Equine and Bovine Hides,Vegetable Tanning Extracts,Metalworking Transfer Machines
Gas Turbines,Nickel Pipes,Military Weapons,Surveying Equipment
Gas and Liquid Flow Measuring Instruments,Medical Instruments,Chemical Analysis Instruments,Other Engines
Gaskets,Hard Rubber,Non-Knit Active Wear,Fishing and Hunting Equipment
Gelatin,Chemical Analysis Instruments,Coated Textile Fabric,Carboxylic Acids
Glands and Other Organs,Reclaimed Rubber,Sulfuric Acid,Non-Mechanical Removal Machinery
Glass Balls,Hair Trimmers,Other Isotopes,Oxygen Heterocyclic Compounds
Glass Beads,Flax Fibers,Photo Lab Equipment,Optical Fibers and optical fibre bundles
Glass Bottles,Metal Molds,Other Iron Products,Refractory Bricks
Glass Bricks,Metal Pickling Preparations,Labels,"Niobium, Tantalum, Vanadium and Zirconium Ore"
Glass Fibers,Non-woven Textiles,Glass Working Machines,Other Plastic Sheetings
Glass Mirrors,Reclaimed Rubber,Telephones,Silk-worm Cocoons
Glass with Edge Workings,Other Glass Articles,Copper Foil,Mirrors and Lenses
Glaziers Putty,Industrial Food Preperation Machinery,Scales,Other Paper Machinery
Glues,Copper Housewares,Aldehyde Derivatives,Jute Woven Fabric
Glycosides,Microscopes,Soybeans,Iron Ore
Grapes,Perfume Plants,Sowing Seeds,Tropical Fruits
Graphite,Zinc Ore,Iron Ore,Labels
Gravel and Crushed Stone,Stone Working Machines,Rock Wool,Cement
Ground Nuts,Ground Nut Meal,Electrical Control Boards,Borax
Gypsum,Glass Fibers,Packing Bags,Iron Housewares
Hair Products,Jams,Scented Mixtures,Cleaning Products
Hair Trimmers,Non-Retail Animal Hair Yarn,Nickel Ore,X-Ray Equipment
Halogenated Hydrocarbons,Graphite,Petroleum Resins,Carboxyamide Compounds
Hand Saws,Starches,Acyclic Alcohols,Equine and Bovine Hides
Hand Sifters,Steel Wire,Pile Fabric,Non-Mechanical Removal Machinery
Hand Tools,Iron Pyrites,Epoxides,Scrap Waste
Hand-Woven Rugs,Jute Yarn,Sanitary towels (pads),Hair Products
Hard Rubber,Used Rubber Tires,Petroleum Resins,Rubber Sheets
Harvesting Machinery,Combustion Engines,Iron Structures,Raw Plastic Sheeting
Hats,Asphalt Mixtures,Non-Knit Men's Suits,Hemp Fibers
Heavy Mixed Woven Cotton,Heavy Pure Woven Cotton,Looms,Woven Fabric of Synthetic Staple Fibers
Heavy Pure Woven Cotton,Looms,Other Cotton Fabrics,Other Vegetable Fibers Fabric
Heavy Synthetic Cotton Fabrics,Jute Yarn,Other Cotton Fabrics,Heavy Pure Woven Cotton
High-voltage Protection Equipment,Medical Instruments,Electrical Insulators,Plastic Housewares
Hops,Oscilloscopes,Non-Knit Gloves,Knives
Hose Piping Textiles,Rubber Sheets,Gas Turbines,Knitted or crocheted fabrics of a width exceeding 30 cm
Hot-Rolled Iron,Ferroalloys,Coke,Iron Wire
Hot-Rolled Iron Bars,Refractory Bricks,Magnesium Carbonate,Metal-Rolling Mills
House Linens,Equine and Bovine Hides,Iron Ore,Other Measuring Instruments
Household Washing Machines,Electrical Control Boards,Styrene Polymers,Looms
Hydraulic Brake Fluid,Electrical Ignitions,Copper Pipes,Other Esters
Hydrogen,Electric Furnaces,Machinery Having Individual Functions,Fluorides
Hydrometers,Chemical Analysis Instruments,Soldering and Welding Machinery,Copper Housewares
Hypochlorites,Dithionites and Sulfoxylates,Other Coloring Matter,Unprocessed Artificial Staple Fibers
Ice Cream,Tea,Knit Active Wear,Building Stone
Imitation Jewellery,Equine and Bovine Hides,Tulles and Net Fabric,Non-Retail Pure Cotton Yarn
"Industrial Fatty Acids, Oils and Alcohols",Prepared Rubber Accelerators,Coconut Oil,Phosphinates (hypophosphites) and phosphonates (phosphites)
Industrial Food Preperation Machinery,Other Small Iron Pipes,Raw Plastic Sheeting,Rubber Sheets
Industrial Furnaces,Surveying Equipment,Iron Powder,Nickel Pipes
Industrial Printers,Mannequins,Other Electrical Machinery,Plaiting Products
Ink,Copper Pipes,Copper Housewares,Lighters
Ink Ribbons,Lighters,Photographic Paper,Pig Meat
Inorganic Salts,Carbonates,Electric Furnaces,Hydrides and other anions
Insect Resins,Yeast,Vegetable Tanning Extracts,Malt
Instructional Models,Other Furniture,Ceramic Tableware,Metalworking Transfer Machines
Insulated Wire,Copper Wire,Rubber Sheets,Other Iron Products
Insulating Glass,Rye,Garments of Impregnated Fabric,Rubber Sheets
Integrated Circuits,Disc Chemicals for Electronics,"Machines and apparatus of a kind used solely or principally for the manufacture of semiconductor boules or wafers, semiconductor devices, electronic integrated circuits or flat panel displays",Oscilloscopes
Interchangeable Tool Parts,Microphones and Headphones,Thermostats,Broadcasting Accessories
Interior Decorative Glassware,Iron Ore,Manganese Ore,Soybeans
Iron Blocks,Other Cast Iron Products,Other Iron Products,Industrial Furnaces
Iron Chains,Horsehair Yarn,Looms,Non-Retail Animal Hair Yarn
Iron Cloth,Safety Glass,Large Coated Flat-Rolled Iron,Flat Flat-Rolled Steel
Iron Fasteners,Metalworking Machine Parts,Musical Instrument Parts,Petroleum Resins
Iron Gas Containers,Air Pumps,Iron Pipe Fittings,Copper Pipes
Iron Housewares,Sulfate Chemical Woodpulp,Iron Ore,Electrical Resistors
Iron Nails,Iron Ore,Metalworking Machines,Manganese Ore
Iron Oxides and Hydroxides,Polyacetals,Scrap Rubber,Optical Fibers and optical fibre bundles
Iron Pipe Fittings,Metalworking Machines,Metalworking Transfer Machines,Balances
Iron Pipes,Casting Machines,Electric Furnaces,Metalworking Machines
Iron Radiators,Metal Mountings,Valves,Copper Pipe Fittings
Iron Railway Products,Casting Machines,Metal-Rolling Mills,Coated Metal Soldering Products
Iron Sewing Needles,Other Electrical Machinery,Flax Fibers,Malt Extract
Iron Sheet Piling,Metal Insulating Fittings,Ball Bearings,Electrical Power Accessories
Iron Springs,Metalworking Machine Parts,Glass Fibers,Metal Molds
Iron Stovetops,Time Switches,Other Edible Animal Products,Semi-Finished Iron
Iron Structures,Other Iron Products,Raw Plastic Sheeting,Large Coated Flat-Rolled Iron
Iron Toiletry,Iron Ore,Photo Lab Equipment,Mica
Iron Wire,Stone Working Machines,Metalworking Machines,Metal Finishing Machines
Jams,Other Paper Machinery,"Other live plants, cuttings and slips;
mushroom spawn",Used Rubber Tires
Jewellery,Hard Liquor,Imitation Jewellery,Cars
Jute Woven Fabric,Basketwork,Saddlery,Bird Skins and Feathers
Kaolin Coated Paper,Plastic Lids,Iron Structures,Other Wood Articles
Ketones and Quinones,Sulfate Chemical Woodpulp,Non-optical Microscopes,Other Sugars
Knit Active Wear,Labels,Tulles and Net Fabric,Malt Extract
Knit Babies' Garments,Labels,Dissolving Grades Chemical Woodpulp,Non-Knit Men's Coats
Knit Gloves,Looms,Iron Ore,Non-Retail Pure Cotton Yarn
Knit Men's Coats,Knit T-shirts,Non-Knit Men's Coats,Other Knit Clothing Accessories
Knit Men's Shirts,Labels,Non-Knit Men's Coats,Non-Knit Women's Coats
Knit Men's Suits,Copper Ore,Equine and Bovine Hides,Labels
Knit Men's Undergarments,Thermostats,Granite,Non-Retail Pure Cotton Yarn
Knit Socks and Hosiery,Photographic Film,Felt Machinery,Copper Housewares
Knit Sweaters,Labels,Equine and Bovine Hides,Iron Ore
Knit T-shirts,Other Knit Garments,Non-Knit Women's Shirts,Labels
Knit Women's Shirts,Tulles and Net Fabric,Non-Knit Women's Coats,Non-Knit Women's Shirts
Knit Women's Suits,Coal Tar Oil,Equine and Bovine Hides,Copper Ore
Knit Women's Undergarments,Coal Tar Oil,Copper Ore,Iron Ore
Knitted Hats,Microscopes,Iron Ore,Artificial Textile Machinery
Knitted or crocheted fabrics of a width not exceeding 30 cm,Photographic Paper,Non-Retail Silk Yarn,Photographic Film
Knitting Machine Accessories,Non-Retail Synthetic Filament Yarn,Copper Plating,Other Cloth Articles
Knitting Machines,Dolomite,Non-Retail Artificial Filament Yarn,Rare-Earth Metal Compounds
Knives,Tulles and Net Fabric,Precious Stones,Rare-Earth Metal Compounds
Kraft Paper,Shaped Paper,Papermaking Machines,Electric Motor Parts
LCDs,Non-optical Microscopes,"Machines and apparatus of a kind used solely or principally for the manufacture of semiconductor boules or wafers, semiconductor devices, electronic integrated circuits or flat panel displays",Other Measuring Instruments
Laboratory Ceramic Ware,Umbrellas,Neck Ties,Mattresses
Laboratory Glassware,Hand-Woven Tapestries,Collector's Items,Plant foliage
Laboratory Reagents,Chemically Pure Sugars,Rubber Footwear,Newsprint
Large Coated Flat-Rolled Iron,Metalworking Machines,Metalworking Transfer Machines,Flat Flat-Rolled Steel
Large Construction Vehicles,Excavation Machinery,Packing Bags,Carboxylic Acids
Large Flat-Rolled Iron,Interchangeable Tool Parts,Flat Flat-Rolled Steel,Casting Machines
Large Flat-Rolled Stainless Steel,Broadcasting Accessories,Ferroalloys,Electrical Resistors
Large Iron Containers,Other Engines,Other Small Iron Pipes,Other Iron Products
Lead Ore,Flavored Water,Cucumbers,Zinc Ore
Leather Apparel,Artificial Filament Yarn Woven Fabric,Leather further prepared after tanning or crusting of sheep or lamb,Tanned Equine and Bovine Hides
Leather Footwear,Tanned Equine and Bovine Hides,Leather of Other Animals,Leather further prepared after tanning or crusting of animals (other than ovine)
Leather Machinery,LCDs,Tanned Equine and Bovine Hides,Other Edible Animal Products
Legumes,Saddlery,Vegetable Plaiting Materials,Other Vegetables
Lifting Machinery,Felt or Coated Fabric Garments,Other Iron Bars,Other Cloth Articles
Light Fixtures,Electrical Resistors,Copper Ore,Iron Ore
Light Mixed Woven Cotton,Manganese Ore,Ethylene Polymers,Equine and Bovine Hides
Light Pure Woven Cotton,Non-Retail Pure Cotton Yarn,Semi chemical Woodpulp,Equine and Bovine Hides
Light Synthetic Cotton Fabrics,Photographic Paper,Soybeans,Ground Nut Meal
Lighters,Copper Pipes,Electrical Resistors,Copper Bars
Linseed,Lifting Machinery,Iron Radiators,Stone Processing Machines
Liquid Dispersing Machines,Newsprint,Yeast,Monofilament
Liquid Fuel Furnaces,Raw Zinc,Other Iron Bars,Hydrochloric Acid
Liquid Pumps,Other Plastic Products,Wood Kitchenware,Other Iron Products
Locomotive Parts,Industrial Food Preperation Machinery,Industrial Furnaces,Other Cast Iron Products
"Locust beans, seaweed, sugar beet, cane, for food",Chemical Analysis Instruments,Soldering and Welding Machinery,Thermostats
Low-voltage Protection Equipment,Polyacetals,Signaling Glassware,Microphones and Headphones
Lubricating Products,Hair Trimmers,Other Esters,Knit Sweaters
Machinery Having Individual Functions,Carbides,Precious Metal Scraps,Boiler Plants
"Machinery parts, not containing electrical connectors, insulators, coils, contacts or other electrical features, not specified or included elsewhere in this Chapter.",Dolomite,Other Sugars,Boiler Plants
Magnesium,Metalworking Transfer Machines,Other Measuring Instruments,Metalworking Machines
Magnesium Carbonate,Tulles and Net Fabric,Carbonates,Delivery Trucks
Malt,Iron Radiators,Plastic Pipes,Prefabricated Buildings
Malt Extract,Scales,Tractors,Monofilament
Maps,Soups and Broths,Railway Passenger Cars,Knit Men's Undergarments
Margarine,Industrial Food Preperation Machinery,Liquid Dispersing Machines,Lifting Machinery
Matches,Non-Retail Artificial Staple Fibers Sewing Thread,Non-Retail Artificial Filament Yarn,Soldering and Welding Machinery
Mattresses,Knitting Machine Accessories,Phenols,Looms
Medical Furniture,Baby Carriages,Laboratory Reagents,Pharmaceutical Animal Products
Medical Instruments,Plastic Housewares,"Vaccines, blood, antisera, toxins and cultures",Portable Lighting
Melons,Vegetable Plaiting Materials,Wood Stakes,Peat
Metal Finishing Machines,Metalworking Machine Parts,Copper Plating,Carbides
Metal Insulating Fittings,Amine Compounds,Vegetable Tanning Extracts,Carboxyamide Compounds
Metal Lathes,Halides,Signaling Glassware,Metalworking Machine Parts
Metal Molds,Insulated Wire,Spark-Ignition Engines,Stranded Copper Wire
Metal Mountings,Zinc Ore,Electrical Resistors,Cast or Rolled Glass
Metal Office Supplies,Cast or Rolled Glass,Non-Retail Animal Hair Yarn,Copper Powder
Metal Pickling Preparations,Non-Knit Men's Undergarments,Other Cloth Articles,Lighters
Metal Signs,Electrical Control Boards,Medical Instruments,Knit Sweaters
Metal Stoppers,Coated Flat-Rolled Iron,Small Iron Containers,Combustion Engines
Metalworking Machine Parts,Electric Motor Parts,Bi-Wheel Vehicle Parts,Aluminium Plating
Metalworking Machines,Other Cloth Articles,Iron Housewares,Carbides
Mica,Precipitated Copper,Combed Wool or Animal Hair Fabric,"Industrial Fatty Acids, Oils and Alcohols"
Micro-Organism Culture Preparations,Knit Sweaters,Bells and Other Metal Ornaments,Portable Lighting
Microphones and Headphones,Precious Stones,Other Electrical Machinery,Other Ores
Microscopes,Tungsten,Walking Sticks,Boat Propellers
Milk,Washing and Bottling Machines,Industrial Food Preperation Machinery,Wood Crates
Mill Machinery,Stone Working Machines,Brooms,Looms
Milling Stones,Combed Wool or Animal Hair Fabric,Silk Waste,Microphones and Headphones
Mirrors and Lenses,Optical Fibers and optical fibre bundles,Watch Cases and Parts,Silver Clad Metals
Mixed Mineral or Chemical Fertilizers,"Other live plants, cuttings and slips;
mushroom spawn",Stone Working Machines,Aluminium Bars
Molluscs,Twine and Rope,Netting,Other Floating Structures
Monofilament,Other Coloring Matter,Saddlery,Metal Mountings
"Monopods, bipods, tripods and similar articles",X-Ray Equipment,Other Measuring Instruments,Cast or Rolled Glass
Motor vehicles; parts and accessories (8701 to 8705),Metalworking Machine Parts,Large Flat-Rolled Iron,Magnesium
Motor-working Tools,Nickel Ore,Copper Foil,Felt Machinery
Motorcycles and cycles,Audio and Video Recording Accessories,Electric Batteries,Air Conditioners
Narrow Woven Fabric,Rubber Thread,Ethylene Polymers,Artificial Filament Yarn Woven Fabric
Natural Polymers,Chemical Analysis Instruments,Laboratory Reagents,Unmanned aircraft
Navigation Equipment,Chemical Analysis Instruments,Medical Instruments,Other Cloth Articles
Neck Ties,Non-Knit Men's Coats,Non-Knit Women's Suits,Knit Sweaters
Netting,Looms,Starches,Coal Briquettes
Newspapers,Cement Articles,Uncoated Paper,Brochures
Nickel Bars,Felt,Copper Housewares,Chemical Analysis Instruments
Nitrites and Nitrates,Ethylene Polymers,Glass Working Machines,Non-Knit Women's Undergarments
Nitrogen Heterocyclic Compounds,Ethylene Polymers,Polycarboxylic Acids,Amine Compounds
Nitrogenous Fertilizers,Refractory Bricks,Other Heating Machinery,Industrial Furnaces
Non-Knit Active Wear,Iron Ore,Equine and Bovine Hides,Labels
Non-Knit Babies' Garments,Knit Babies' Garments,Prepared Paint Driers,Labels
Non-Knit Gloves,Semi chemical Woodpulp,Starches,Soybeans
Non-Knit Men's Coats,Equine and Bovine Hides,Labels,Iron Ore
Non-Knit Men's Suits,Tulles and Net Fabric,Artificial Filament Yarn Woven Fabric,Non-Knit Men's Coats
Non-Knit Men's Undergarments,Other Measuring Instruments,Felt Machinery,Unprocessed Artificial Staple Fibers
Non-Knit Women's Coats,Iron Ore,Equine and Bovine Hides,Labels
Non-Knit Women's Shirts,Non-Knit Women's Coats,Knit T-shirts,Knit Sweaters
Non-Knit Women's Suits,Labels,Tulles and Net Fabric,Knit Sweaters
Non-Knit Women's Undergarments,Labels,Semi chemical Woodpulp,Looms
Non-Mechanical Removal Machinery,Signaling Glassware,Halides,Other Cotton Fabrics
Non-Retail Artificial Staple Fibers Sewing Thread,Jute Yarn,Glass Balls,Textile Fiber Machinery
Non-Retail Pure Cotton Yarn,Hemp Fibers,Pens,Textile Fiber Machinery
Non-Retail Synthetic Filament Yarn,Polycarboxylic Acids,Unprocessed Synthetic Staple Fibers,Knitting Machine Accessories
Non-fillet Frozen Fish,Twine and Rope,Netting,Iron Structures
Non-woven Textiles,Polycarboxylic Acids,Other Zinc Products,Unprocessed Artificial Staple Fibers
Nonaqueous Paints,Petroleum Resins,Textile Scraps,Metalworking Machine Parts
Nonaqueous Pigments,Aluminium Powder,Natural Polymers,Tool Plates
Nucleic Acids,Hydrochloric Acid,Chemical Analysis Instruments,Uncoated Paper
Oats,Liquid Dispersing Machines,Water and Gas Generators,Iron Structures
Office Machine Parts,Other Measuring Instruments,Disc Chemicals for Electronics,"Machines and apparatus of a kind used solely or principally for the manufacture of semiconductor boules or wafers, semiconductor devices, electronic integrated circuits or flat panel displays"
Onions,Sowing Seeds,Vegetable Plaiting Materials,Animal or Vegetable Fertilizers
Opto-Electric Instrument Parts,Rubber Stamps,Other Plastic Products,Medical Instruments
Organic Composite Solvents,Washing and Bottling Machines,Nonaqueous Paints,Industrial Food Preperation Machinery
Organo-Sulfur Compounds,Other inorganic compounds,Phenols,Nickel Powder
Ornamental Ceramics,Electrical Resistors,Other Edible Animal Products,Copper Ore
Ornamental Trimmings,Jute Yarn,Ethylene Polymers,Artificial Textile Machinery
Orthopedic Appliances,Medical Instruments,Portable Lighting,Image Projectors
Oscilloscopes,Wood Carpentry,Blown Glass,Glass Bulbs
Other Agricultural Machinery,Other Small Iron Pipes,Plastic Pipes,Iron Wire
Other Aluminium Products,Prepared Rubber Accelerators,Iron Sewing Needles,Electrical Ignitions
Other Animals,Potatoes,Paper Containers,Animal Food
Other Articles of Twine and Rope,Looms,Equine and Bovine Hides,Semi-Finished Iron
Other Carpets,Wool,Copper Foil,Semi chemical Woodpulp
Other Cast Iron Products,Other Iron Products,Raw Plastic Sheeting,Other Aluminium Products
Other Ceramic Articles,Iron Ore,LCDs,Electrical Resistors
Other Clocks,Iron Ore,Sulfate Chemical Woodpulp,Electrical Resistors
Other Cloth Articles,Iron Ore,Copper Foil,Photo Lab Equipment
Other Coloring Matter,Titanium Ore,Raw Copper,Reclaimed Rubber
Other Construction Vehicles,Chemical Analysis Instruments,Metalworking Machines,Microscopes
Other Copper Products,Other Plastic Products,Brooms,Nickel Sheets
Other Cotton Fabrics,Recovered Paper Pulp,Heavy Pure Woven Cotton,Copper Foil
Other Cutlery,Tanned Equine and Bovine Hides,Leather further prepared after tanning or crusting of animals (other than ovine),Leather further prepared after tanning or crusting of sheep or lamb
Other Domestic Electric Housewares,Lignite,Bird Feathers and Skins,Recovered Paper Pulp
Other Edible Animal Products,Jute Yarn,Sulphur,Cassava
Other Edible Preparations,Iron Toiletry,Plastic Lids,Paper Containers
Other Electrical Machinery,Neck Ties,Chemical Analysis Instruments,Watch Cases and Parts
Other Engines,Electric Motor Parts,Special purpose motor vehicles,Safety Glass
Other Esters,Phenols,Epoxides,Other Organic Compounds
Other Footwear,Labels,Leather further prepared after tanning or crusting of sheep or lamb,Jute Yarn
Other Fruits,"Other live plants, cuttings and slips;
mushroom spawn",Sowing Seeds,Wood Stakes
Other Furniture,Metal Finishing Machines,Plastic Coated Textile Fabric,Non-Retail Pure Cotton Yarn
Other Glass Articles,Vacuum Flask,Umbrellas,Video Displays
Other Hand Tools,Other Ceramic Articles,Scrap Vessels,Malt Extract
Other Headwear,Non-Retail Animal Hair Yarn,Copper Foil,Rubber Thread
Other Heating Machinery,Raw Plastic Sheeting,Nickel Bars,Other Stainless Steel Bars
Other Inedible Animal Products,Other Agricultural Machinery,Liquid Dispersing Machines,Harvesting Machinery
Other Inorganic Acids,Aluminium Housewares,"Non-Iron and Steel Slag, Ash and Residues",Rare-Earth Metal Compounds
Other Inorganic Acids Salts,Microscopes,Other Measuring Instruments,Chemical Analysis Instruments
Other Iron Bars,Other Iron Products,Other Cast Iron Products,Clays
Other Iron Products,Other Plastic Products,Equine and Bovine Hides,Electric Motor Parts
Other Knit Clothing Accessories,Microscopes,Other Measuring Instruments,Flax Fibers
Other Knit Garments,Labels,Glass Working Machines,Knit T-shirts
Other Large Iron Pipes,Coated Metal Soldering Products,Metalworking Machines,Casting Machines
Other Leather Articles,Equine and Bovine Hides,Epoxides,Tanned Equine and Bovine Hides
Other Measuring Instruments,Signaling Glassware,"Awnings, Tents, and Sails",Electric Musical Instruments
Other Metal Fasteners,Leather further prepared after tanning or crusting of animals (other than ovine),Precious Stones,Tulles and Net Fabric
Other Mineral,Electrical Insulators,Light Fixtures,Machinery Having Individual Functions
Other Musical Instruments,Precious Stones,Gold,Microscopes
Other Nickel Products,Gas Turbines,Other Engines,Other Articles of Twine and Rope
Other Non-Knit Clothing Accessories,Labels,Knit T-shirts,Raw Sugar
Other Non-Metal Removal Machinery,Nickel Sheets,Halides,Other inorganic compounds
Other Nuts,Animal or Vegetable Fertilizers,Ceramic Tableware,Imitation Jewellery
Other Office Machines,Audio and Video Recording Accessories,Photographic Paper,Non-Retail Animal Hair Yarn
Other Oily Seeds,Harvesting Machinery,Washing and Bottling Machines,Lifting Machinery
Other Organic Compounds,Electric Batteries,Hair Trimmers,Copper Housewares
Other Organo-Inorganic Compounds,Optical Fibers and optical fibre bundles,Oscilloscopes,Electric Furnaces
Other Paper Machinery,Other Vegetable Fibers Fabric,Vegetable Tanning Extracts,Sugar Preserved Foods
Other Plastic Products,Recovered Paper Pulp,Iron Reductions,Manganese Ore
Other Plastic Sheetings,Polycarboxylic Acids,Raw Plastic Sheeting,Other Aluminium Products
Other Prepared Meat,Industrial Food Preperation Machinery,Washing and Bottling Machines,Metal Stoppers
Other Printed Material,Ceramic Tableware,Portable Lighting,Other Furniture
Other Processed Fruits and Nuts,Paper Containers,Plastic Lids,Raw Sugar
Other Processed Vegetables,Buckwheat,Potatoes,Preserved Vegetables
Other Pure Vegetable Oils,Phosphinates (hypophosphites) and phosphonates (phosphites),Sunflower Seeds,Siliceous Fossil Meals
Other Rubber Products,Glass Fibers,Metalworking Machine Parts,Animal Extracts
Other Small Iron Pipes,Flat Flat-Rolled Steel,Ball Bearings,Metal Finishing Machines
Other Stainless Steel Bars,Carbides,Unsaturated Acyclic Monocarboxylic Acids,"Bicycles, delivery tricycles, other cycles"
Other Steel Bars,Casting Machines,Clays,Forging Machines
Other Stone Articles,Other Articles of Twine and Rope,Blown Glass,Boiler Plants
Other Sugars,Sawn Wood,Non-Knit Gloves,Other Inedible Animal Products
Other Synthetic Fabrics,Other Vegetable Fibers Fabric,Non-Retail Artificial Filament Yarn,Ethylene Polymers
Other Uncoated Paper,Papermaking Machines,Raw Plastic Sheeting,Other Agricultural Machinery
Other Vegetable Residues,Iron Blocks,Large Iron Containers,Other Cast Iron Products
Other Vegetables,Melons,Peat,Other Nuts
Other Vinyl Polymers,Carboxylic Acids,Ketones and Quinones,Synthetic Coloring Matter
Other Women's Undergarments,Labels,Tanned Equine and Bovine Hides,Other Edible Animal Products
Other Wood Articles,Petroleum Coke,Metal Finishing Machines,Starches
Other Zinc Products,Aluminium Plating,Float Glass,Other Vegetable Residues
Other knitted or crocheted fabrics.,Artificial Textile Machinery,Semi chemical Woodpulp,Non-Retail Animal Hair Yarn
"Other live plants, cuttings and slips;
mushroom spawn",Animal or Vegetable Fertilizers,Raw Sugar,Buckwheat
Other toys,Iron Ore,Sulfate Chemical Woodpulp,Electrical Resistors
Oxygen Amino Compounds,Chemical Analysis Instruments,Iron Ore,"Industrial Fatty Acids, Oils and Alcohols"
Oxygen Heterocyclic Compounds,Iron Ore,Manganese Ore,"Niobium, Tantalum, Vanadium and Zirconium Ore"
Packaged Medicaments,Brochures,Felt,Acrylic Polymers
Packaged Sewing Sets,"Industrial Fatty Acids, Oils and Alcohols",Iron Oxides and Hydroxides,Glycosides
Packing Bags,Iron Ore,Artificial Textile Machinery,Manganese Ore
Padlocks,Low-voltage Protection Equipment,Electrical Power Accessories,Copper Bars
Paintings,Antiques,Sculptures,Knotted Carpets
Paper Containers,Kraft Paper,Other Paper Machinery,Raw Plastic Sheeting
Paper Labels,Newsprint,Laboratory Glassware,Pearl Products
Paper Notebooks,Jute Yarn,Decals,Metal Insulating Fittings
Paper Pulp Filter Blocks,Kaolin Coated Paper,Other Coloring Matter,Copper Fasteners
Particle Board,Other Agricultural Machinery,Woodworking machines,Other Iron Products
Party Decorations,Iron Ore,Sulfate Chemical Woodpulp,Copper Ore
Pasta,Washing and Bottling Machines,Linseed,Industrial Food Preperation Machinery
Pastes and Waxes,Polyacetals,Styrene Polymers,Telephones
Pencils and Crayons,Nitrile Compounds,Thermostats,Reclaimed Rubber
Pens,Calculators,Lighters,Precious Metal Scraps
Pepper,Spice Seeds,"Nutmeg, mace and cardamons",Jute Yarn
Peptones,Paper Containers,Iron Chains,Other Small Iron Pipes
Perfume Plants,Raw Sugar,Plastic Lids,Stone Working Machines
Perfumes,Knit T-shirts,Other Non-Knit Clothing Accessories,Knit Sweaters
Pesticides,Unsaturated Acyclic Monocarboxylic Acids,Vegetable Saps,Oxygen Heterocyclic Compounds
Petroleum Coke,Reaction and Catalytic Products,Surveying Equipment,Refined Petroleum
Petroleum Jelly,Uncoated Paper,Other Sugars,Petroleum Resins
Petroleum Resins,Other Zinc Products,Graphite,Amine Compounds
Pharmaceutical Rubber Products,"Monopods, bipods, tripods and similar articles",Silver Clad Metals,Computers
Phosphinates (hypophosphites) and phosphonates (phosphites),Titanium Ore,Other Measuring Instruments,Optical Fibers and optical fibre bundles
Phosphoric Esters and Salts,Epoxides,Phenols,Looms
Photographic Chemicals,Carboxylic Acids,Medical Instruments,Fishing and Hunting Equipment
Pickled Foods,Preserved Vegetables,Peat,Potatoes
Pile Fabric,Semi chemical Woodpulp,Nickel Ore,Wool
Pitted Fruits,Phosphoric Acid,Animal or Vegetable Fertilizers,Inedible Fats and Oils
Plaiting Products,Jute Yarn,Soybeans,Starches
Plaster Articles,Rubber Tires,Buses,Iron Stovetops
Plastic Building Materials,Umbrella and Walking Stick Accessories,Sulfites,Cement Articles
Plastic Coated Textile Fabric,Phenols,Recovered Paper Pulp,Starches
Plastic Floor Coverings,Artificial Textile Machinery,Looms,Bird Feathers and Skins
Plastic Housewares,Electrical Resistors,Mica,Leather further prepared after tanning or crusting of animals (other than ovine)
Plastic Lids,Chocolate,Glues,Rubber Sheets
Plastic Pipes,Paper Notebooks,Other Plastic Sheetings,Glass Fibers
Plastic Wash Basins,Iron Toiletry,Scrap Plastic,Other Nuts
Plywood,Woodworking machines,Other Iron Products,Stone Processing Machines
Polishes and Creams,Scented Mixtures,Tufted Carpets,Other Tin Products
Polyacetals,Acyclic Alcohols,Prepared Rubber Accelerators,Saturated Acyclic Monocarboxylic Acids
Polyamide Fabric,Metalworking Transfer Machines,Halogens,Artificial Textile Machinery
Polyamides,Glass Fibers,Polycarboxylic Acids,Silicates
Polycarboxylic Acids,Cyclic Hydrocarbons,Titanium Ore,Semi-Finished Iron
Porcelain Tableware,Iron Ore,Tanned Equine and Bovine Hides,Silk-worm Cocoons
Portable Lighting,Precious Stones,Lignite,Electrical Resistors
Postcards,Nickel Powder,Copper Powder,Semi chemical Woodpulp
Potassic Fertilizers,Coated Metal Soldering Products,Liquid Pumps,Soldering and Welding Machinery
Potatoes,Peat,Sowing Seeds,"Other live plants, cuttings and slips;
mushroom spawn"
Poultry,Eggs,Glass Fibers,Fork-Lifts
Poultry Meat,Unprocessed Synthetic Staple Fibers,Ceramic Tableware,Iron Nails
Prefabricated Buildings,Potatoes,Kraft Paper,Washing and Bottling Machines
Prepared Cereals,Other Plastic Products,Other Aluminium Products,Rubber Pipes
Prepared Rubber Accelerators,Steel Bars,Aluminium Plating,Carbon
Prepr binder for foundry,Other Plastic Products,Iron Structures,Metalworking Machine Parts
Preserved Vegetables,Ethylene Polymers,Other Oily Seeds,Spices
Print Production Machinery,Building Stone,Non-Knit Men's Undergarments,Knit Men's Suits
Printed Circuit Boards,Glass with Edge Workings,Copper Foil,Photo Lab Equipment
Processed Cereals,Other Agricultural Machinery,Soil Preparation Machinery,Mill Machinery
Processed Fish,Tulles and Net Fabric,Fish oil,Other Vegetable Residues
Processed Mica,Other Metals,Glass Balls,Tulles and Net Fabric
Processed Mushrooms,Cassava,Non-optical Microscopes,Chemical Analysis Instruments
Processed Synthetic Staple Fibers,Knit Socks and Hosiery,Processed Artificial Staple Fibers,Dithionites and Sulfoxylates
Processed Tomatoes,Scrap Plastic,Other Plastic Products,Sugar Preserved Foods
Propylene Polymers,Centrifuges,Reaction and Catalytic Products,Rubberworking Machinery
Pulley Systems,Buttons,Nickel Sheets,Quilted Textiles
Pumice,Optical Fibers and optical fibre bundles,"Machines and apparatus of a kind used solely or principally for the manufacture of semiconductor boules or wafers, semiconductor devices, electronic integrated circuits or flat panel displays",Photographic Chemicals
Pure Olive Oil,Wood Crates,Paper Labels,Glass Bottles
Pyrophoric Alloys,Platinum,Lighters,Glass Bricks
Quaternary Ammonium Salts and Hydroxides,Reclaimed Rubber,Rapeseed Oil,Acyclic Alcohols
Quicklime,Safety Glass,Rubber Sheets,Aluminium Pipe Fittings
Quilted Textiles,Portable Lighting,Woven Fabrics,Buttons
Radio Receivers,Electrical Resistors,Audio and Video Recording Accessories,Watch Cases and Parts
Railroad Ties,Plastic Building Materials,Other Zinc Products,Felt or Coated Fabric Garments
Railway Cargo Containers,Nickel Ore,Non-Retail Animal Hair Yarn,Silver Clad Metals
Railway Freight Cars,Dried Fruits,Iron Radiators,Artificial Filament Sewing Thread
Rapeseed,Liquid Pumps,Water and Gas Generators,Liquid Dispersing Machines
Raw Bones,Margarine,Other Steel Bars,Waxes
Raw Cork,Vinegar,Debacked Cork,Other Meat
Raw Cotton,Knit Men's Suits,Audio Alarms,Portable Lighting
Raw Iron Bars,Industrial Furnaces,Other Iron Products,Other Cast Iron Products
Raw Lead,Other Lead Products,Aluminium Gas Containers,Sulfides
Raw Plastic Sheeting,Packing Bags,Ethylene Polymers,Other Plastic Products
Raw Sugar,Other Coloring Matter,Milling Stones,Centrifuges
Razor Blades,Low-voltage Protection Equipment,Wool or Animal Hair Waste,Medical Instruments
Reaction and Catalytic Products,Ketones and Quinones,Refrigerators,Inorganic Salts
Recovered Paper,Mattresses,House Linens,Other Wood Articles
Recreational Boats,Wood Ornaments,Ornamental Ceramics,Other Knit Garments
Refined Petroleum,Electric Generating Sets,Cranes,Iron Pipes
Refractory Bricks,Metalworking Machines,Pitch Coke,Aluminium Oxide
Refractory Cements,Flat Flat-Rolled Steel,Processed Mica,Refractory Ceramics
Refractory Ceramics,Aluminium Powder,Inorganic Salts,Carbides
Refrigerators,Air Pumps,Other Copper Products,Copper Housewares
Retail Artificial Filament Yarn,Wool or Animal Hair Waste,Optical Fibers and optical fibre bundles,Nickel Ore
Revolution Counters,Air Conditioners,Other Plastic Products,Microphones and Headphones
Rice,Other Cloth Articles,Mattresses,Other Plastic Products
Rock Wool,Glass Fibers,Silicates,Non-woven Textiles
Rolling Machines,Other Carpets,Coffee,Sugar Preserved Foods
Root Vegetables,Raw Sugar,Sowing Seeds,Legumes
Rubber Apparel,Raw Cotton,Manganese Ore,Jute and Other Textile Fibers
Rubber Belting,Rubber Pipes,Scales,Other Engines
Rubber Footwear,Tanned Equine and Bovine Hides,Leather further prepared after tanning or crusting of animals (other than ovine),Tulles and Net Fabric
Rubber Inner Tubes,Reclaimed Rubber,Equine and Bovine Hides,Other Mineral
Rubber Pipes,Knit Gloves,Electric Motor Parts,Electrical Ignitions
Rubber Sheets,Combustion Engines,Other Sugars,Petroleum Resins
Rubber Stamps,Gold,Propylene Polymers,Quilted Textiles
Rubber Textile Fabric,Copper Housewares,Zinc Bars,Electrical Control Boards
Rubber Textiles,Photographic Film,Flax Fibers,Mica
Rubber Tires,Synthetic Rubber,Stranded Iron Wire,Compounded Unvulcanised Rubber
Rubberworking Machinery,Knit Gloves,Soap,Non-Knit Active Wear
Saddlery,Optical Fibers and optical fibre bundles,Non-Retail Animal Hair Yarn,Flax Fibers
Safes,Cyclic Hydrocarbons,Ceramic Pipes,Musical Instrument Parts
Safety Glass,Float Glass,Jute and Other Textile Fibers,Glass Working Machines
Salt,Paper Containers,Cleaning Products,Preserved Meat
Sand,Rubber Stamps,Artistry Paints,Metal Office Supplies
Sanitary towels (pads),Non-woven Textiles,Shaped Paper,Boiler Plants
Saturated Acyclic Monocarboxylic Acids,Copper Foil,Electrical Control Boards,Epoxides
Sauces and Seasonings,Safety Glass,Small Iron Containers,Other Non-Metal Removal Machinery
Sausages,Cellulose Fibers Paper,Aluminium Bars,Coated Flat-Rolled Iron
Sawn Wood,Other Agricultural Machinery,Stone Processing Machines,Iron Chains
Scales,Prepr binder for foundry,Chemical Analysis Instruments,Copper Bars
Scarves,Microscopes,Artificial Textile Machinery,Chemical Analysis Instruments
Scent Sprays,Copper Bars,Hot-Rolled Stainless Steel Bars,Vegetable waxes and beeswax
Scented Mixtures,Refrigerators,Cinnamon,Hair Trimmers
Scissors,Electrical Resistors,Copper Ore,Artificial Textile Machinery
Scrap Aluminium,Iron Nails,Wood Carpentry,Other Furniture
Scrap Iron,Iron Structures,Railway Cargo Containers,Twine and Rope
Scrap Plastic,Wood Kitchenware,House Linens,Umbrellas
Seats,Copper Foil,Photo Lab Equipment,Leather further prepared after tanning or crusting of animals (other than ovine)
Seed Oils,Other Plastic Sheetings,Liquid Fuel Furnaces,Industrial Food Preperation Machinery
Self-adhesive Plastics,Wood Kitchenware,Letter Stock,Headbands and Linings
Semiconductor Devices,"Machines and apparatus of a kind used solely or principally for the manufacture of semiconductor boules or wafers, semiconductor devices, electronic integrated circuits or flat panel displays",Other Glass Articles,Disc Chemicals for Electronics
Sewing Machines,Copper Foil,Refined Copper,Non-Retail Animal Hair Yarn
Shaped Paper,Sulfate Chemical Woodpulp,Other Sugars,Other Mineral
Shaped Wood,Other Agricultural Machinery,Other Paper Machinery,Machinery Having Individual Functions
Shaving Products,Waxes,Scent Sprays,Scrap Rubber
Sheep and Goats,Plastic Lids,Amino-resins,Scrap Plastic
Siliceous Fossil Meals,Rubber Tires,Other Knit Clothing Accessories,Cars
Silicone,Other Electrical Machinery,Precious Metal Scraps,Hydrogen
Silk Fabrics,Other Measuring Instruments,Looms,Silk Waste
Small Iron Containers,Metal Stoppers,Raw Sugar,Peat
Smoking Pipes,Cobalt,Iron Ore,Mica
Soap,Aluminium Housewares,Scent Sprays,Waxes
Soapstone,Hemp Fibers,Non-Knit Men's Suits,Sulfonamides
Sodium or Potassium Peroxides,Rubberworking Machinery,Other Heating Machinery,Cleaning Products
Soil Preparation Machinery,Harvesting Machinery,Mill Machinery,Industrial Food Preperation Machinery
Soldering and Welding Machinery,Audio Alarms,Refined Copper,Shaped Wood
Sound Recording Equipment,Electrical Resistors,Printed Circuit Boards,Zinc Ore
Soups and Broths,Plastic Lids,Garden Tools,Paper Containers
Sowing Seeds,Other Non-Knit Clothing Accessories,Other Knit Clothing Accessories,Saddlery
Soybean Meal,Potassic Fertilizers,Organo-Sulfur Compounds,Sulfates
Spark-Ignition Engines,Engine Parts,Revolution Counters,Glass Mirrors
Special Pharmaceuticals,Filing Cabinets,Knit Sweaters,Therapeutic Appliances
Special purpose motor vehicles,Other Engines,Other Agricultural Machinery,Electric Generating Sets
Spice Seeds,Asbestos Fibres,Unglazed Ceramics,Liquid Fuel Furnaces
Spices,Pepper,Pickled Foods,Cinnamon
Sports Equipment,Leather of Other Animals,Other Edible Animal Products,Oscilloscopes
Stainless Steel Wire,Natural Polymers,Horsehair Yarn,Animal Extracts
Starch Residue,Other Inedible Animal Products,Ornamental Ceramics,Bells and Other Metal Ornaments
Starches,Liquid Dispersing Machines,Air Pumps,Rubber Pipes
Steam Boilers,Metal Pickling Preparations,Other Stainless Steel Bars,Liquid Fuel Furnaces
Steel Ingots,Nickel Pipes,Iron Pipe Fittings,Refractory Bricks
Steel Wire,Wood Charcoal,Other Prepared Meat,Casting Machines
Stone Processing Machines,Washing and Bottling Machines,Sulfate Chemical Woodpulp,Rubber Pipes
Stone Working Machines,Dextrins,Sugar Preserved Foods,Photographic Paper
Stranded Copper Wire,Iron Cloth,Copper Housewares,Electric Motor Parts
Stranded Iron Wire,Machinery Having Individual Functions,Metal Finishing Machines,Other Copper Products
Styrene Polymers,Steam Boilers,"Sulfonated, Nitrated or Nitrosated Hydrocarbons",Silicates
Sugar Preserved Foods,Scrap Plastic,Tulles and Net Fabric,Sorghum
Sulfates,Chromium Ore,Manganese Ore,Electric Furnaces
Sulfides,Other Electrical Machinery,Zinc Powder,Electrical Capacitors
Sulfites,Surveying Equipment,Starches,Iron Ore
"Sulfonated, Nitrated or Nitrosated Hydrocarbons","Industrial Fatty Acids, Oils and Alcohols",Machinery Having Individual Functions,Unsaturated Acyclic Monocarboxylic Acids
Sulfuric Acid,Other Iron Bars,Magnesium,Rock Wool
Sulphur,Iron Pipes,Citrus,Pickled Foods
Sunflower Seeds,Mill Machinery,Soil Preparation Machinery,Harvesting Machinery
Surveying Equipment,Pearl Products,Other Engines,Nickel Bars
Synthetic Coloring Matter,Nitrile Compounds,Wool,Prepared Paint Driers
Synthetic Fabrics,Looms,Jute Yarn,Processed Artificial Staple Fibers
Synthetic Filament Yarn Woven Fabric,Looms,Artificial Filament Yarn Woven Fabric,Knitting Machine Accessories
Synthetic Monofilament,"Non-Iron and Steel Slag, Ash and Residues",Polycarboxylic Acids,Inorganic Salts
Synthetic Rubber,Halogenated Hydrocarbons,Other Iron Products,Packing Bags
Tanned Furskins,Cleaning Products,Iron Chains,Rubber Sheets
Tar,Prepr binder for foundry,Railway Freight Cars,Electrical Control Boards
Tea,Cassava,Mica,Sulfate Chemical Woodpulp
Telephones,Integrated Circuits,LCDs,Printed Circuit Boards
Tensile Testing Machines,Wood Ornaments,Collector's Items,Bells and Other Metal Ornaments
Terry Fabric,Looms,Halogens,Jute Yarn
Textile Fiber Machinery,Handkerchiefs,Other Vegetable Fibers Fabric,Non-Retail Artificial Filament Yarn
Textile Footwear,Tanned Equine and Bovine Hides,Leather of Other Animals,Tulles and Net Fabric
Textile Processing Machines,Copper Bars,Titanium Oxides,Tool Plates
Textiles for technical uses,Non-woven Textiles,Synthetic Monofilament,Paper Containers
Therapeutic Appliances,Other Edible Animal Products,Rubber Apparel,Non-Retail Animal Hair Yarn
Thermostats,Insulated Wire,Microphones and Headphones,Audio and Video Recording Accessories
Time Recording Instruments,Audio Alarms,Other Isotopes,Medical Instruments
Tissue,Papermaking Machines,Paper Containers,Other Paper Machinery
Titanium,Garden Tools,Graphite,Wooden Tool Handles
Toilet Paper,Other Paper Machinery,Hydraulic Brake Fluid,Air Pumps
Tomatoes,Legumes,Melons,Other Vegetables
Tool Plates,Glass Bulbs,Other Women's Undergarments,Other Electrical Machinery
Tool Sets,Concentrated Milk,Frozen Bovine Meat,Other Knit Clothing Accessories
Tractors,Plastic Building Materials,Excavation Machinery,Hand Tools
Traffic Signals,Medical Instruments,Bovine Meat,Lighters
"Trailers and semi-trailers, not mechanically propelled vehicles",Explosive Ammunition,Washing and Bottling Machines,Other Plastic Products
Transmissions,Metalworking Machine Parts,Electric Motor Parts,Boiler Plants
Travel Kits,Non-Retail Animal Hair Yarn,Flax Fibers,Optical Fibers and optical fibre bundles
Tropical Fruits,Animal or Vegetable Fertilizers,Sowing Seeds,Raw Sugar
Trunks and Cases,Iron Ore,Petroleum Coke,Sulfate Chemical Woodpulp
Tufted Carpets,Jute Yarn,Soybeans,Processed Artificial Staple Fibers
Tulles and Net Fabric,Other Edible Animal Products,Copper Ore,Other Ores
Tungsten,Telephones,Molybdenum,Other Measuring Instruments
Turpentine,Phosphinates (hypophosphites) and phosphonates (phosphites),Glass Bricks,Other Coloring Matter
Twine and Rope,Heavy Pure Woven Cotton,Coated Textile Fabric,Jute Yarn
Umbrellas,Artificial Textile Machinery,Other Edible Animal Products,Rubber Thread
Uncoated Paper,Salt,Silicates,Electric Generating Sets
Unglazed Ceramics,Stone Working Machines,Cellulose,Polyacetals
Unpackaged Medicaments,Opto-Electric Instrument Parts,Other Knit Garments,Copper Housewares
Unprocessed Synthetic Staple Fibers,Cyclic Hydrocarbons,Photographic Chemicals,Amine Compounds
Unsaturated Acyclic Monocarboxylic Acids,Epoxides,Phenols,Soldering and Welding Machinery
Unvulcanised Rubber Products,Metal Signs,Compounded Unvulcanised Rubber,Electric Motors
Used Clothing,Toilet Paper,Building Stone,Other Furniture
Used Rubber Tires,"Sulfonated, Nitrated or Nitrosated Hydrocarbons",Other Processed Vegetables,Wood Charcoal
Utility Meters,Air Pumps,Interchangeable Tool Parts,Felt
"Vaccines, blood, antisera, toxins and cultures",Newsprint,Uncoated Paper,Packaged Medicaments
Vacuum Cleaners,Optical Fibers and optical fibre bundles,Non-Retail Animal Hair Yarn,Nickel Ore
Vacuum Flask,Nickel Ore,Semi chemical Woodpulp,Copper Alloys
Valves,Nickel Bars,Padlocks,Other Stainless Steel Bars
Vegetable Alkaloids,Insect Resins,Tin Bars,Other Cutlery
Vegetable Fiber,Quilted Textiles,Boiler Plants,Tulles and Net Fabric
Vegetable Plaiting Materials,Scrap Plastic,Ground Nuts,Coconut and Other Vegetable Fibers
Vegetable Saps,Chemical Analysis Instruments,Other Sugars,Petroleum Coke
Vegetable and Mineral Carvings,Combustion Engines,Stranded Copper Wire,Electrical Resistors
Vegetable or Animal Dyes,Micro-Organism Culture Preparations,Lake Pigments,Insect Resins
Vehicle Bodies (including cabs) for the motor vehicles (8701 to 8705),Hydraulic Brake Fluid,Combustion Engines,Rubber Belting
Vending Machines,Bandages,Uncoated Paper,Ball Bearings
Video Displays,Printed Circuit Boards,Sound Recordings,Electrical Capacitors
Video Recording Equipment,Documents of title (bonds etc) and unused stamps,Audio and Video Recording Accessories,Non-Retail Animal Hair Yarn
Video and Card Games,Fairground Amusements,Other Vegetable Fibers Fabric,Non-Knit Active Wear
Vinyl Chloride Polymers,Halogenated Hydrocarbons,Polycarboxylic Acids,"Industrial Fatty Acids, Oils and Alcohols"
Vitamins,Combed Wool or Animal Hair Fabric,Iron Ore,Asphalt Mixtures
Wadding,Tea,Other Plastic Products,Non-woven Textiles
Walking Sticks,Polyamides,Metal Signs,Other Edible Animal Products
Wallpaper,Other Copper Products,Synthetic Fabrics,Rolling Machines
Warp knit fabrics (including those made on galloon knitting machines),Vegetable Tanning Extracts,Sawn Wood,Other Cloth Articles
Washing and Bottling Machines,Copper Housewares,Boiler Plants,Refrigerators
Water,Toilet Paper,Plastic Lids,Peat
Water Soluble Proteins,Blank Audio Media,Sulfuric Acid,Other Knit Garments
Water and Gas Generators,Plastic Building Materials,Other Furniture,Audio Alarms
Waxes,Petroleum Jelly,Candles,Artistry Paints
Wheat,Other Heating Machinery,Other Agricultural Machinery,Harvesting Machinery
Wheat Flours,Stone Processing Machines,Other Agricultural Machinery,Mill Machinery
Whey and other milk products,Cement Articles,Cooking Hand Tools,Dairy Machinery
Window Dressings,Nickel Ore,Wool,Halogens
Wood Carpentry,Woodworking machines,Monofilament,Rubber Sheets
Wood Charcoal,Washing and Bottling Machines,Plastic Coated Textile Fabric,Woodworking machines
Wood Crates,Industrial Food Preperation Machinery,Other Agricultural Machinery,Small Iron Containers
Wood Fiberboard,Other Agricultural Machinery,Iron Springs,Industrial Food Preperation Machinery
Wood Frames,Refined Copper,Non-Retail Pure Cotton Yarn,Rubber Thread
Wood Kitchenware,Iron Ore,Manganese Ore,Starches
Wood Ornaments,Raw Copper,Non-Retail Pure Cotton Yarn,Refined Copper
Wood Stakes,Buses,Soybean Meal,Other Carbon Paper
Wood Wool,Portable Lighting,Soldering and Welding Machinery,Blank Audio Media
Wooden Tool Handles,Stone Working Machines,Decals,Jute Yarn
Woodworking machines,Ethylene Polymers,Looms,Quilted Textiles
Worked Ivory and Bone,Labels,Non-Knit Men's Coats,Combed Wool or Animal Hair Fabric
Woven Fabric of Synthetic Staple Fibers,Chemical Analysis Instruments,Nickel Ore,Wool or Animal Hair Waste
Woven Fabrics,Felt Machinery,Semi-Finished Iron,Other Cotton Fabrics
Wrenches,Iron Pyrites,Scrap Waste,Silk-worm Cocoons
X-Ray Equipment,Other Isotopes,Silver,Human Hair
Yeast,Washing and Bottling Machines,Combustion Engines,Drilling Machines
Zippers,Artificial Textile Machinery,Coal Briquettes,Starches
Electricity,Plastic Floor Coverings,Breathing Appliances,Mechanical Wood Pulp
Fuel Wood,Woodworking machines,Iron Chains,Other Iron Products
Other Fermented Beverages,Wood Kitchenware,Frozen Vegetables,Other Prepared Meat
Photographic Paper,Photographic Film,Lighters,Other Electrical Machinery
Rolled Tobacco,Wadding,Raw Tobacco,Print Production Machinery
Soybeans,Combustion Engines,Potassic Fertilizers,Rubber Belting
Waterproof Footwear,Looms,Jute Yarn,Combed Wool or Animal Hair Fabric
Aluminium Gas Containers,Umbrella and Walking Stick Accessories,Knit Sweaters,Bells and Other Metal Ornaments
Bovine Meat,Plastic Lids,Paper Containers,Wood Crates
Breathing Appliances,Bells and Other Metal Ornaments,Party Decorations,Image Projectors
Cereal Flours,Other Small Iron Pipes,Other Agricultural Machinery,Mill Machinery
Cinnamon,"Nutmeg, mace and cardamons",Cloves,Unmanned aircraft
Crustaceans,Other Floating Structures,Twine and Rope,Iron Anchors
Curbstones,"Industrial Fatty Acids, Oils and Alcohols",Raw Copper,Granite
Cut Flowers,Perfume Plants,Pickled Foods,Maps
Eyewear and Clock Glass,Optical Fibers and optical fibre bundles,Iron Housewares,Precious Stones
Fake Hair,Processed Hair,Chemical Analysis Instruments,Audio and Video Recording Accessories
Headbands and Linings,Glass Beads,Lignite,Nickel Bars
Inedible Fats and Oils,Raw Sugar,Copper Fasteners,Smoking Pipes
Iron Powder,Precious Metal Scraps,Hydrogen,Magnesium
Knit Women's Coats,Labels,Non-Knit Women's Shirts,Non-Knit Men's Coats
Labels,Non-Retail Artificial Filament Yarn,Ink Ribbons,Artificial Filament Yarn Woven Fabric
Lettuce,Spices,Raw Sugar,Bathroom Ceramics
Live Fish,Paper Containers,Molluscs,Other Plastic Products
Non-Knit Men's Shirts,Equine and Bovine Hides,Non-Knit Men's Coats,Non-Knit Men's Suits
Non-fillet Fresh Fish,Refined Petroleum,Molluscs,Other Floating Structures
Optical Fibers and optical fibre bundles,Knit Gloves,Iron Nails,Batteries
Other Floating Structures,Non-fillet Fresh Fish,Video Cameras,Flavored Water
Other Lead Products,Other Cutlery,Other Knit Clothing Accessories,Rubber Sheets
Other Vegetable Products,Transmissions,Valves,High-voltage Protection Equipment
Passenger and Cargo Ships,Iron Structures,Live Fish,Coated Metal Soldering Products
Processed Crustaceans,Leather Apparel,"Machinery parts, not containing electrical connectors, insulators, coils, contacts or other electrical features, not specified or included elsewhere in this Chapter.",Other Plastic Products
Rough Wood,Wood Carpentry,Pulley Systems,Iron Chains
Rubber Thread,Flax Fibers,Musical Instrument Parts,Glass Balls
Special Purpose Ships,Frozen Bovine Meat,Soybeans,Silver Clad Metals
Steam Turbines,Air Pumps,Unsaturated Acyclic Monocarboxylic Acids,Microscopes
Textile Scraps,House Linens,Seats,Umbrella and Walking Stick Accessories
Time Switches,Reclaimed Rubber,Cyclic Hydrocarbons,Raw Silk
Tug Boats,Iron Structures,Passenger and Cargo Ships,Boiler Plants
Wood Barrels,Uncoated Paper,Copper Housewares,Other Vegetable Residues and Waste
Acyclic Hydrocarbons,Refined Petroleum,Iron Gas Containers,Centrifuges
Aircraft Launch Gear,Retail Silk Yarn,Military Weapons,Granulated Slag
Aircraft Parts,Gas Turbines,Shaped Wood,Bells and Other Metal Ornaments
Alcohol > 80% ABV,Hypochlorites,Potassic Fertilizers,Other Sugars
Aldehyde Derivatives,Nickel Ore,Cyclic Hydrocarbons,Raw Silk
Alkaline Metals,Chemical Analysis Instruments,Broadcasting Accessories,Photographic Chemicals
Alkylbenzenes and Alkylnaphthalenes,Cyclic Hydrocarbons,Titanium Ore,Nickel Ore
Aluminium Powder,Feldspar,Knitted Hats,Metal-Rolling Mills
Ammonia,Surveying Equipment,Gas and Liquid Flow Measuring Instruments,Portable Lighting
Animal Extracts,Newsprint,Other Knit Garments,Brochures
Antimony,Cadmium,Bismuth,Other Ores
Antiques,Other Furniture,Textile Wall Coverings,Pearl Products
"Aquatic invertebrates, other than crustaceans and molluscs",Other Floating Structures,Netting,Railway Cargo Containers
Artificial Fibers Waste,Textile Scraps,House Linens,Non-Knit Men's Undergarments
Artificial Filament Tow,Wood Wool,Sulphur,Reclaimed Rubber
Artificial Textile Machinery,Raw Cotton,Electrical Power Accessories,Nickel Ore
Asphalt Mixtures,Prepared Rubber Accelerators,Activated Carbon,Copper Housewares
Audio and Video Recording Accessories,Unmanned aircraft,Computers,Microphones and Headphones
Baby Carriages,Recovered Paper Pulp,Copper Foil,Non-Retail Animal Hair Yarn
Barbed Wire,Manganese Ore,Large Coated Flat-Rolled Iron,Ethylene Polymers
Barium Sulphate,Photographic Film,Mica,Microphones and Headphones
Biodiesel and mixtures thereof,Inedible Fats and Oils,Soybean Meal,Cyclic Hydrocarbons
Bird Feathers and Skins,Non-Retail Pure Cotton Yarn,Felt Machinery,Jute Yarn
Bird Skins and Feathers,Buttons,Phenols,Hydrides and other anions
Bismuth,Audio and Video Recording Accessories,Precious Stones,Nickel Bars
Bladed Weapons and Accessories,Microphones and Headphones,Calculators,Other Electrical Machinery
Blown Glass,Microphones and Headphones,Knit Men's Undergarments,Non-Retail Animal Hair Yarn
Boat Propellers,Baby Carriages,Nickel Ore,Wool or Animal Hair Waste
Borates,Industrial Printers,Broadcasting Equipment,Portable Lighting
Borax,Boron,Borates,Copper Housewares
Boron,Rubber Footwear,Instructional Models,Broadcasting Equipment
Bricks,Heavy Pure Woven Cotton,Metalworking Transfer Machines,Copper Housewares
Buses,Rubber Sheets,Copper Fasteners,Other Steel Bars
Cameras,Electrical Parts,Broadcasting Accessories,Electrical Capacitors
Carbon Paper,Dissolving Grades Chemical Woodpulp,Copper Bars,Metalworking Transfer Machines
Carboxyamide Compounds,Phenols,Looms,"Industrial Fatty Acids, Oils and Alcohols"
Carboxyimide Compounds,Pitch Coke,Chemical Analysis Instruments,Thermostats
Casein,Newsprint,Iron Housewares,Bi-Wheel Vehicle Parts
Cassava,Tropical Fruits,Other Vegetable Products,Raw Sugar
Ceramic Pipes,Copper Bars,Laboratory Ceramic Ware,Metalworking Transfer Machines
Cereal Straws,Other Small Iron Pipes,Paper Spools,Wood Crates
Chemically Pure Sugars,Peptones,Rubber Stamps,Textile Wall Coverings
Chromium Ore,Raw Zinc,Refractory Ceramics,Soldering and Welding Machinery
Chromium Oxides and Hydroxides,Chromium Ore,Iron Oxides and Hydroxides,Electrical Capacitors
Citrus and Melon Peels,Other Headwear,Ink Ribbons,Seed Oils
Clock Cases and Parts,Other Edible Animal Products,Coal Tar Oil,Audio and Video Recording Accessories
Clock Movements,Non-Retail Animal Hair Yarn,Other Edible Animal Products,Rubber Thread
Clocks with Watch Movements,Hats,Other Knit Clothing Accessories,Other Knit Garments
Cobalt,Processed Mushrooms,Delivery Trucks,Hot-Rolled Stainless Steel Bars
Cobalt Oxides and Hydroxides,Cobalt,Nickel Ore,Halogens
Cocoa Paste,Cocoa Beans,Wool Grease,Cocoa Powder
Coconut Oil,Acrylic Polymers,Chlorates and Perchlorates,Copper Housewares
Coconut and Other Vegetable Fibers,Aluminium Housewares,Artificial Vegetation,Plant foliage
Coin,Brochures,Other Precious Metal Products,Sheet Music
Collector's Items,Other Furniture,Antiques,Sculptures
Combed Wool or Animal Hair Fabric,Knitting Machine Accessories,Other Glass Articles,Non-Retail Silk Yarn
Composition leather with a basis of leather or leather fibre,Tanned Equine and Bovine Hides,Manganese Ore,Soybeans
Copper Alloys,Other Women's Undergarments,Blown Glass,Raw Zinc
Copper Bars,Steel Wire,Scrap Copper,Silicates
Copper Foil,Other Electrical Machinery,Therapeutic Appliances,Microphones and Headphones
Copper Plating,Medical Instruments,Molybdenum,Tungsten
Copper Powder,Knit Socks and Hosiery,Natural Polymers,Processed Mushrooms
Coral and Shells,Frozen Vegetables,Wood Kitchenware,Netting
Cotton Waste,Unprocessed Synthetic Staple Fibers,Coated Textile Fabric,Knit T-shirts
Cyanides,Fairground Amusements,Wool or Animal Hair Waste,Other Electrical Machinery
Cyclic Alcohols,Aldehydes,Turpentine,Rubber Apparel
Cyclic Hydrocarbons,Petroleum Gas,Refined Petroleum,Halogenated Hydrocarbons
Dashboard Clocks,Aircraft Parts,Rolled Tobacco,Musical Instrument Parts
Decals,Dolomite,Nickel Mattes,Sugar Preserved Foods
Detonating Fuses,Other Knit Clothing Accessories,Prepared Explosives,Glycosides
Developed Exposed Photographic Material,Oscilloscopes,Disc Chemicals for Electronics,Neck Ties
Diamonds,Sound Recording Equipment,Neck Ties,Microphones and Headphones
"Diazo, Azo or Aoxy Compounds",Silver Clad Metals,Optical Fibers and optical fibre bundles,Dissolving Grades Chemical Woodpulp
Disc Chemicals for Electronics,Hydrogen,Oscilloscopes,Other Knit Clothing Accessories
Dithionites and Sulfoxylates,Other Measuring Instruments,Cast or Rolled Glass,Optical Fibers and optical fibre bundles
Dolomite,Glycosides,Decals,Carboxyimide Compounds
Electrical Parts,Other Electrical Machinery,String Instruments,Shaped Paper
Embroidery,Raw Silk,Silk Fabrics,Other Cotton Fabrics
Epoxides,Cyclic Alcohols,Developed Exposed Photographic Material,Unsaturated Acyclic Monocarboxylic Acids
Explosive Ammunition,Prepared Explosives,Ornamental Ceramics,Party Decorations
Eyewear Frames,Eyewear,Non-Knit Active Wear,Non-Knit Women's Shirts
Felt Carpets,Knit Men's Suits,Non-Knit Men's Suits,Air Pumps
Felt Machinery,Starches,Equine and Bovine Hides,Soybeans
Ferroalloys,Other Iron Products,Rubber Pipes,Carbon-based Electronics
Filing Cabinets,Electrical Resistors,Cast or Rolled Glass,Mica
Fire Extinguishers Preparations,Newsprint,Composition leather with a basis of leather or leather fibre,Shaped Wood
Fireworks,Wood Frames,Other Furniture,Audio Alarms
Fish oil,"Awnings, Tents, and Sails",Wrenches,Portable Lighting
Flax Yarn,Wool,Recovered Paper Pulp,Nickel Ore
Fluorides,Zinc Ore,Fairground Amusements,Telephones
Frozen Bovine Meat,Other Hand Tools,Sports Equipment,Cement Articles
Fruit Pressing Machinery,Raw Sugar,Nitrites and Nitrates,Wood Stakes
Garments of Impregnated Fabric,Other Knit Garments,Other Knit Clothing Accessories,Non-Knit Active Wear
Garnetted Wool or Animal Hair,Textile Wall Coverings,Bandages,Laboratory Reagents
Gauze,"Wood Tar, Oils and Pitch",Non-Knit Active Wear,Non-Retail Artificial Filament Yarn
Gimp Yarn,Phenols,Optical Fibers and optical fibre bundles,Zirconium
Glass Bulbs,Non-Knit Men's Undergarments,Rubber Stamps,Non-Retail Silk Yarn
Glass Scraps,Non-Knit Active Wear,Knit Sweaters,Bedspreads
Glass Working Machines,Pearls,Non-Retail Silk Yarn,Other Women's Undergarments
Gold,Medical Instruments,Telephones,Instructional Models
Granite,Paper Containers,Plastic Lids,Worked Slate
Granulated Slag,Microphones and Headphones,Silver Clad Metals,Non-Knit Active Wear
Halides,Microscopes,Graphite,Oscilloscopes
Halogens,Other Carpets,Time Switches,Aluminium Gas Containers
Hand-Woven Tapestries,Base Metal Watches,Pearl Products,Umbrella and Walking Stick Accessories
Handkerchiefs,Nickel Ore,Halogens,Wool
Hard Liquor,Iron Toiletry,Non-Knit Women's Coats,Porcelain Tableware
Honey,Plastic Lids,Phosphoric Acid,Pesticides
Hormones,Chemical Analysis Instruments,Thermostats,Medical Instruments
Horsehair Fabric,Iron Reductions,Metallic Fabric,"Industrial Fatty Acids, Oils and Alcohols"
Hot-Rolled Stainless Steel Bars,Stainless Steel Ingots,Halides,Combed Wool or Animal Hair Fabric
Hydraulic Turbines,Other Coloring Matter,Graphite,Titanium
Hydrazine or Hydroxylamine Derivatives,Halogenated Hydrocarbons,Halides,Cyclic Hydrocarbons
Hydrides and other anions,Scrap Nickel,Scrap Rubber,Nickel Powder
Hydrochloric Acid,Kaolin,Walking Sticks,Other Knit Clothing Accessories
Hydrogen peroxide,Petroleum Jelly,Walking Sticks,Sodium or Potassium Peroxides
Image Projectors,Gold,Other Edible Animal Products,Precious Stones
Incomplete Movement Sets,Optical Fibers and optical fibre bundles,Unmanned aircraft,Other Leather Articles
Iron Anchors,Cyclic Hydrocarbons,Titanium Ore,Laboratory Ceramic Ware
Iron Ingots,Undeveloped Exposed Photographic Material,Vegetable and Mineral Carvings,Pearl Products
Kaolin,Hand-Woven Rugs,Sulfuric Acid,Chemical Analysis Instruments
Knitted or crocheted fabrics of a width exceeding 30 cm,Propylene Polymers,Semi chemical Woodpulp,Glass Beads
Knotted Carpets,Copper Housewares,Bedspreads,Textile Processing Machines
Large Aluminium Containers,Copper Pipes,Rubber Tires,Aluminium Wire
Lead Oxides,Precious Metal Compounds,Walking Sticks,Other Coloring Matter
Lead Sheets,Bismuth,Zinc Sheets,Window Dressings
Leather further prepared after tanning or crusting of animals (other than ovine),Tanned Equine and Bovine Hides,Equine and Bovine Hides,Tanned Goat Hides
Leather further prepared after tanning or crusting of sheep or lamb,Tanned Sheep Hides,Tanned Goat Hides,Buttons
Leather of Other Animals,Leather Machinery,Synthetic Tanning Extracts,Synthetic Filament Yarn Woven Fabric
Legume Flours,Animal or Vegetable Fertilizers,Rubber Tires,Animal Food
Letter Stock,Float Glass,Labels,Leather further prepared after tanning or crusting of animals (other than ovine)
"Lifting, handling, loading or unloading machinery; n.e.c. in heading no. 8425, 8426 or 8427 (e.g. lifts, escalators, conveyors, teleferics)",Other Carpets,Tufted Carpets,Non-Retail Carded Wool Yarn
Light Rubberized Knitted Fabric,Zinc Sheets,Non-Retail Animal Hair Yarn,Other Women's Undergarments
Limestone,Scrap Waste,Tea,Ferroalloys
Looms,Knitting Machine Accessories,Sulfonamides,Audio and Video Recording Accessories
"Machines and apparatus of a kind used solely or principally for the manufacture of semiconductor boules or wafers, semiconductor devices, electronic integrated circuits or flat panel displays",Wood Kitchenware,Frozen Vegetables,Other Prepared Meat
Magnesium Hydroxide and Peroxide,Tulles and Net Fabric,Molybdenum Ore,Reclaimed Rubber
Manganese,Documents of title (bonds etc) and unused stamps,Aluminium Ore,Other Edible Animal Products
Manganese Ore,Woven Fabric of Synthetic Staple Fibers,Synthetic Tanning Extracts,Other Coloring Matter
Manganese Oxides,Raw Zinc,Microphones and Headphones,Antimony
Mannequins,Tanned Equine and Bovine Hides,Equine and Bovine Hides,Non-Retail Pure Cotton Yarn
"Marble, Travertine and Alabaster",Phosphoric Acid,Animal or Vegetable Fertilizers,Stone Working Machines
Metal-Clad Products,Malt Extract,Telephones,Precious Metal Watches
Metal-Rolling Mills,Nickel Sheets,Graphite,Casting Machines
Metallic Fabric,Horsehair Yarn,Hot-Rolled Stainless Steel Bars,Embroidery
Metallic Yarn,Non-Retail Silk Yarn,Copper Plating,Bismuth
Metalworking Transfer Machines,Petroleum Resins,Water Soluble Proteins,Graphite
Molasses,Cucumbers,Iron Housewares,Antiknock
Molybdenum,Silicates,Titanium,"Lifting, handling, loading or unloading machinery; n.e.c. in heading no. 8425, 8426 or 8427 (e.g. lifts, escalators, conveyors, teleferics)"
Motor vehicle (8701 to 8705) chassis fitted with engine,Casein,Hydraulic Brake Fluid,Mannequins
Musical Instrument Parts,Cars,Jewellery,Pearl Products
Natural Cork Articles,Raw Cork,Agglomerated Cork,Vinegar
Newsprint,Fire Extinguishers Preparations,Mechanical Wood Pulp,Aluminium Pipes
Nickel Pipes,Raw Zinc,"Non-Iron and Steel Slag, Ash and Residues",Refrigerators
Nickel Powder,Stranded Copper Wire,Dashboard Clocks,"Motion-picture film, exposed and developed"
Nickel Sheets,Raw Zinc,Scrap Nickel,Other Metals
"Niobium, Tantalum, Vanadium and Zirconium Ore",Aluminium Plating,Stainless Steel Ingots,Boron
Nitric Acids,Scrap Rubber,Copper Housewares,Vegetable Saps
Nitrile Compounds,Ketones and Quinones,Non-Retail Animal Hair Yarn,Artificial Textile Machinery
"Non-Iron and Steel Slag, Ash and Residues",Other Cutlery,Carbides,Copper Foil
Non-Retail Animal Hair Yarn,Chromium Ore,Manganese Ore,Iron Ore
Non-Retail Artificial Filament Yarn,Other Cloth Articles,Chemical Analysis Instruments,Audio and Video Recording Accessories
Non-Retail Artificial Staple Fibers Yarn,Textile Fiber Machinery,Artificial Textile Machinery,Styrene Polymers
Non-Retail Carded Wool Yarn,Non-Retail Animal Hair Yarn,Jute Yarn,Ceramic Pipes
Non-Retail Combed Wool Yarn,Wool,Non-Retail Animal Hair Yarn,Ceramic Pipes
Non-Retail Mixed Cotton Yarn,Textile Fiber Machinery,Looms,Unprocessed Synthetic Staple Fibers
Non-Retail Silk Yarn,Sulphur,Borax,Nickel Ore
Non-Retail Synthetic Staple Fibers Yarn,Textile Fiber Machinery,Artificial Textile Machinery,Processed Synthetic Staple Fibers
Non-optical Microscopes,Boat Propellers,X-Ray Equipment,Electric Batteries
Non-powered Aircraft,Unmanned aircraft,Other Leather Articles,Microphones and Headphones
Other Animal Fats,Rubber Apparel,Flavored Water,Other Pure Vegetable Oils
Other Carbon Paper,Optical Fibers and optical fibre bundles,Integrated Circuits,Mica
Other Clocks and Watches,Watch Movements,Unmanned aircraft,Microphones and Headphones
Other Firearms,Weapons Parts and Accessories,Explosive Ammunition,Non-powered Aircraft
Other Frozen Vegetables,Wood Barrels,Mechanical Wood Pulp,Electricity
Other Hides and Skins,Sulfuric Acid,Processed Cereals,Horses
Other Isotopes,Chemical Analysis Instruments,Copper Housewares,Plastic Housewares
Other Metals,Refractory Ceramics,Casting Machines,Coated Metal Soldering Products
Other Nitrogen Compounds,Ketones and Quinones,"Non-Iron and Steel Slag, Ash and Residues",Epoxides
Other Paints,Newsprint,Cutlery Sets,Hair Trimmers
Other Precious Metal Products,Watch Straps,Self-Propelled Rail Transport,Platinum
Other Slag and Ash,Iron Structures,Steam Boilers,Scrap Copper
Other Tin Products,Signaling Glassware,Raw Tin,Other Metals
Other Vegetable Fibers Fabric,Optical Fibers and optical fibre bundles,Other Measuring Instruments,Cast or Rolled Glass
Other Vegetable Fibers Yarn,Audio and Video Recording Accessories,Antimony,Laboratory Reagents
Other Vegetable Oils,Plastic Pipes,Scales,Unprocessed Synthetic Staple Fibers
Other Vegetable Residues and Waste,Ceramic Tableware,Phosphoric Acid,Plastic Pipes
Other inorganic compounds,Nickel Powder,Broadcasting Accessories,Optical Fibers and optical fibre bundles
Oxometallic or Peroxometallic Acid Salts,Optical Fibers and optical fibre bundles,Knit Women's Shirts,Microscopes
Paper Spools,Vegetable Tanning Extracts,Other Knit Clothing Accessories,Hydraulic Brake Fluid
Papermaking Machines,Sulfate Chemical Woodpulp,Chemical Analysis Instruments,Ceramic Pipes
"Parts of aircraft and spacecraft of heading 8801, 8802 or 8806, n.e.s.",Aircraft Parts,Raw Sugar,Military Weapons
Pearl Products,Undeveloped Exposed Photographic Material,Knotted Carpets,Other Furniture
Pearls,Developed Exposed Photographic Material,Neck Ties,Jewellery
Peat,Buses,Soybean Meal,Other Carbon Paper
Percussion,Microscopes,Blown Glass,Pianos
Pharmaceutical Animal Products,Rubber Belting,Organo-Sulfur Compounds,Rubber Pipes
Phenol Derivatives,Fishing and Hunting Equipment,Nickel Powder,Gauze
Phenols,Revolution Counters,Ball Bearings,Air Pumps
Phosphatic Fertilizers,Calcium Phosphates,Sulfuric Acid,Other Coloring Matter
Phosphoric Acid,Aldehydes,Stone Working Machines,Float Glass
Photo Lab Equipment,Oxometallic or Peroxometallic Acid Salts,Silver,Horsehair Yarn
Photographic Film,Horsehair Yarn,Other Electrical Machinery,Cameras
Photographic Plates,Cameras,Calculators,Cyclic Alcohols
Pianos,Household Washing Machines,Other Prepared Meat,Wood Kitchenware
Pig Iron,Fluorides,Soldering and Welding Machinery,Non-Mechanical Removal Machinery
Pig Meat,Paper Containers,Plastic Lids,Small Iron Containers
Pitch Coke,Iron Ore,Manganese Ore,Feldspar
"Planes, Helicopters, and/or Spacecraft",Aircraft Parts,"Parts of aircraft and spacecraft of heading 8801, 8802 or 8806, n.e.s.",Other Furniture
Plant foliage,Veneer Sheets,Other Sea Vessels,Frozen Fruits and Nuts
Platinum,Textile Wall Coverings,Furskin Apparel,Metallic Fabric
Polymer Ion-Exchangers,Chemical Analysis Instruments,Nickel Sheets,Uncoated Paper
Potato Flours,Maps,Rubber Stamps,Filing Cabinets
Precious Metal Compounds,Platinum,Vegetable Alkaloids,Jewellery
Precious Metal Scraps,Pearl Products,Medical Instruments,Laboratory Reagents
Precious Metal Watches,Other Knit Garments,Imitation Jewellery,Knit Active Wear
Precious Stone Dust,Telephones,Audio Alarms,Pitch Coke
Precious Stones,Sulfuric Acid,Traffic Signals,Microphones and Headphones
Prepared Cotton,Seats,House Linens,Knit Babies' Garments
Prepared Paint Driers,Wool Grease,Packaged Medicaments,Eyewear Frames
Prepared Pigments,Copper Housewares,Tufted Carpets,Clocks with Watch Movements
Prepared Wool or Animal Hair,Wool,Non-Retail Animal Hair Yarn,Artificial Textile Machinery
Preserved Meat,Wood Crates,Glass Bottles,Paper Containers
Prints,Antiques,Other Furniture,Sculptures
Processed Artificial Staple Fibers,Other Cotton Fabrics,Photographic Paper,Unprocessed Artificial Staple Fibers
Processed Bones,Other Small Iron Pipes,Amine Compounds,Wheat Gluten
Processed Egg Products,Poultry,Raw Sugar,Paper Containers
Processed Tobacco,Raw Tobacco,Conveyor Belt Textiles,Scented Mixtures
Propellant Powders,Explosive Ammunition,Prepared Explosives,Nickel Pipes
Quartz,Feldspar,Stone Working Machines,Electric Furnaces
Railway Maintenance Vehicles,Particle Board,Seats,Artificial Vegetation
Railway Track Fixtures,Rubber Sheets,Rubber Belting,Interchangeable Tool Parts
Rapeseed Oil,Iron Blocks,Lubricating Products,Raw Iron Bars
Rare-Earth Metal Compounds,Forage Crops,Other Cloth Articles,Hydrogen
Raw Aluminium,Iron Chains,Rubber Tires,Machinery Having Individual Functions
Raw Nickel,Tensile Testing Machines,Dolomite,Antiknock
Raw Tin,Bismuth,Coated Flat-Rolled Iron,Uncoated Paper
Raw Tobacco,Computers,Felt Machinery,Pens
Raw Zinc,Stranded Copper Wire,Zinc Ore,Pickled Foods
Reclaimed Rubber,Processed Artificial Staple Fibers,Jute Yarn,Metallic Fabric
Recovered Paper Pulp,Other Furniture,Laboratory Reagents,Micro-Organism Culture Preparations
Refined Copper,Scrap Copper,Iron Pipe Fittings,Titanium Ore
Residual products of the chemical or allied industries,Flavored Water,Medical Furniture,Baked Goods
Retail Artificial Staple Fibers Yarn,Processed Synthetic Staple Fibers,Heavy Mixed Woven Cotton,Composition leather with a basis of leather or leather fibre
Retail Cotton Yarn,Laboratory Reagents,"Industrial Fatty Acids, Oils and Alcohols",Synthetic Coloring Matter
Retail Silk Yarn,"Diazo, Azo or Aoxy Compounds",Garnetted Wool or Animal Hair,Non-Retail Silk Yarn
Retail Wool or Animal Hair Yarn,Processed Artificial Staple Fibers,Leather Apparel,Cyclic Alcohols
Revenue Stamps,Collector's Items,Human Hair,Antiques
Roofing Tiles,Heavy Pure Woven Cotton,Other Cotton Fabrics,"Niobium, Tantalum, Vanadium and Zirconium Ore"
Rosin,Turpentine,Sulfuric Acid,Hydraulic Brake Fluid
Rubber,Electrical Ignitions,Carbon,Compounded Unvulcanised Rubber
Scrap Copper,Knives,Iron Nails,Copper Bars
Scrap Nickel,Other Metals,Carbides,Hydraulic Turbines
Scrap Rubber,Wheat Flours,Eyewear,Soups and Broths
Scrap Waste,Brochures,Copper Housewares,Eyewear
Sculptures,Other Furniture,Prints,Glass Bricks
Self-Propelled Rail Transport,Non-Knit Active Wear,Animal Extracts,Non-Knit Men's Suits
Semi-Finished Iron,Other Iron Products,Refractory Cements,Iron Structures
Sheet Music,Tapioca,Pianos,Cameras
Signaling Glassware,Optical Fibers and optical fibre bundles,Precious Metal Scraps,Broadcasting Equipment
Silicates,Textile Processing Machines,Aluminium Pipe Fittings,Scrap Rubber
Silk Waste,Cyclic Hydrocarbons,Sound Recordings,Titanium Ore
Silk Waste Yarn,Wool,Cyclic Hydrocarbons,Raw Silk
Silver,Medical Instruments,Calculators,Textile Wall Coverings
Slag Dross,Copper Bars,Tanks and Armored vehicles,Magnesium Carbonate
Sound Recordings,LCDs,Integrated Circuits,Mirrors and Lenses
Soybean Oil,Carboxyamide Compounds,Potassic Fertilizers,Carboxylic Acids
Stainless Steel Ingots,Aluminium Powder,Chlorates and Perchlorates,Iron Railway Products
Steel Bars,Coal Briquettes,Magnesium Carbonate,Casting Machines
Stranded Aluminium Wire,Artificial Textile Machinery,Copper Foil,Signaling Glassware
String Instruments,Manganese Ore,Leather further prepared after tanning or crusting of animals (other than ovine),Other Edible Animal Products
Sulfate Chemical Woodpulp,Iron Railway Products,Excavation Machinery,Sodium or Potassium Peroxides
Sulfite Chemical Woodpulp,Eyewear Frames,Molasses,Plastic Floor Coverings
Sulfonamides,Chemical Analysis Instruments,Newsprint,Precious Metal Compounds
Synthetic Filament Tow,Amine Compounds,Soldering and Welding Machinery,Other Zinc Products
Synthetic Reconstructed Jewellery Stones,Electric Furnaces,Furskin Apparel,Raw Zinc
Synthetic Tanning Extracts,Vegetable Parchment,Other Coloring Matter,Vegetable Tanning Extracts
Tanned Equine and Bovine Hides,Carboxylic Acids,Rubber Inner Tubes,Leather Machinery
Tantalum,Nickel Bars,Microscopes,Watch Straps
Textile Wall Coverings,Retail Cotton Yarn,Non-Knit Men's Suits,Composition leather with a basis of leather or leather fibre
Textile Wicks,Audio Alarms,Watch Straps,Cinnamon
Tin Bars,Iron Nails,Electric Musical Instruments,Malt
Titanium Ore,Filing Cabinets,Ground Nut Oil,Plastic Floor Coverings
Titanium Oxides,Carbonates,Industrial Printers,Other Organic Compounds
Tobacco Processing Machines,Cigarette Paper,Print Production Machinery,Raw Tobacco
Unprocessed Artificial Staple Fibers,Dissolving Grades Chemical Woodpulp,Recovered Paper Pulp,Audio and Video Recording Accessories
Vegetable Parchment,Uncoated Paper,Silicone,Drafting Tools
Vegetable Tanning Extracts,"Sulfonated, Nitrated or Nitrosated Hydrocarbons",Leather Apparel,Print Production Machinery
Vegetable waxes and beeswax,Unsaturated Acyclic Monocarboxylic Acids,"Diazo, Azo or Aoxy Compounds",Lake Pigments
Veneer Sheets,Iron Chains,Woodworking machines,Other Agricultural Machinery
Vermouth,Glass Bottles,Wood Crates,Raw Sugar
Video Cameras,Other Knit Garments,Other Knit Clothing Accessories,Maps
Vinegar,Raw Sugar,Glass Bottles,Toilet Paper
Watch Cases and Parts,Watch Movements,Unmanned aircraft,Microphones and Headphones
Watch Movements,Unmanned aircraft,Optical Fibers and optical fibre bundles,Other Leather Articles
Watch Straps,Leather further prepared after tanning or crusting of animals (other than ovine),Other Ores,Other Edible Animal Products
Weapons Parts and Accessories,Explosive Ammunition,Other Furniture,Wood Carpentry
Wheat Gluten,Tulles and Net Fabric,Titanium Ore,Electrical Control Boards
Wheelchairs,Nickel Ore,Nickel Mattes,Non-Retail Animal Hair Yarn
Wind Instruments,Medical Instruments,String Instruments,Calculators
Wine,Wood Crates,Glass Bottles,Fruit Pressing Machinery
Wood Pulp Lyes,Print Production Machinery,Coated Textile Fabric,Hand Saws
Wool Grease,Wool or Animal Hair Waste,Hot-Rolled Stainless Steel Bars,Photographic Paper
Work Trucks,Wood Fiberboard,Other Furniture,Shaped Wood
Worked Slate,Non-Knit Men's Coats,Granite,Mica
Zinc Oxide and Peroxide,Organic Composite Solvents,Fluorides,Stranded Copper Wire
Zinc Powder,Other Articles of Twine and Rope,Filing Cabinets,Brochures
Zinc Sheets,Computers,Telephones,Microphones and Headphones
Zirconium,Walking Sticks,Molybdenum Ore,Other Glass Articles
Acetals and Hemiacetals,Aldehydes,Copper Housewares,Cyclic Alcohols
Aluminium Ore,Iron Ingots,Stranded Copper Wire,Fluorides
Crude Petroleum,Valves,Iron Pipes,Surveying Equipment
Dissolving Grades Chemical Woodpulp,Plastic Floor Coverings,Watch Straps,Window Dressings
Documents of title (bonds etc) and unused stamps,Microscopes,Medical Instruments,Dental Products
Equine and Bovine Hides,Particle Board,Sports Equipment,Other Articles of Twine and Rope
Forage Crops,Safes,Other Knit Clothing Accessories,Particle Board
Glycerol,Wheat,Other Esters,Sodium or Potassium Peroxides
Gold Clad Metals,Medical Instruments,Pearl Products,Saddlery
Gum Coated Textile Fabric,Nickel Ore,Prepared Paint Driers,Copper Foil
Handguns,Weapons Parts and Accessories,Sports Equipment,Other Firearms
Hat Shapes,Ground Nut Meal,"Flours, meals and pellets of fish, crustaceans, molluscs and other aquatic invertebrates, fit for human consumption",Wool
Horses,Plastic Building Materials,Special purpose motor vehicles,Toilet Paper
Iron Reductions,Scrap Vessels,Synthetic Reconstructed Jewellery Stones,Copper Foil
Jute and Other Textile Fibers,Artificial Vegetation,Knit Men's Suits,Coated Textile Fabric
Lake Pigments,Refrigerators,Gum Coated Textile Fabric,Image Projectors
Military Weapons,Weapons Parts and Accessories,Gas Turbines,Explosive Ammunition
"Mixtures containing halogenated derivatives of methane, ethane or propane, n.e.s.",Nickel Ore,Halogens,Wool
Molybdenum Ore,Knives,Other Knit Clothing Accessories,Audio Alarms
Nonmetal Sulfides,Telephones,Computers,Metal Signs
Nuclear Reactors,Knit Socks and Hosiery,Radioactive Chemicals,Sanitary towels (pads)
Other Sea Vessels,Refined Petroleum,Reclaimed Rubber,Soybean Oil
Palm Oil,Phosphinates (hypophosphites) and phosphonates (phosphites),Seed Oils,Other Sugars
Parachutes,Other Furniture,Ornamental Ceramics,Building Stone
Petroleum Gas,Other Large Iron Pipes,Large Iron Containers,Liquid Pumps
Precipitated Copper,Microphones and Headphones,Metal Signs,Traffic Signals
Prepared Explosives,Electrical Control Boards,Other Nickel Products,Detonating Fuses
Processed Hair,Cassava,Chemical Analysis Instruments,Eyewear Frames
Radioactive Chemicals,Brochures,Zirconium,Copper Housewares
Raw Furskins,Chemically Pure Sugars,Iron Housewares,Corrugated Paper
Scrap Lead,Wood Ornaments,Glass Bricks,Candles
Scrap Tin,Umbrella and Walking Stick Accessories,Traffic Signals,Aluminium Plating
Scrap Vessels,Dashboard Clocks,Iron Sheet Piling,Other Inorganic Acids Salts
Semi chemical Woodpulp,Plastic Floor Coverings,Iron Nails,Pickled Foods
Slate,Equine and Bovine Hides,Sulfate Chemical Woodpulp,Asphalt Mixtures
"Spring, Air, and Gas Guns",Sports Equipment,Binoculars and Telescopes,Copper Bars
Tall Oil,Carboxyamide Compounds,Navigation Equipment,Shaped Wood
Tanks and Armored vehicles,Uncoated Paper,Dashboard Clocks,Brochures
Tanned Goat Hides,Tanned Sheep Hides,Leather Machinery,Equine and Bovine Hides
Tungsten Ore,Sanitary towels (pads),Scrap Rubber,Metallic Fabric
Umbrella and Walking Stick Accessories,Other Edible Animal Products,Semi chemical Woodpulp,Rubber Thread
Unmanned aircraft,Non-Retail Animal Hair Yarn,Diamonds,Tin Ores
Vanilla,Light Fixtures,Other Furniture,Other Knit Garments
"Wood Tar, Oils and Pitch",Alkylbenzenes and Alkylnaphthalenes,Rubber Apparel,Turpentine
Zinc Bars,Leather Footwear,Other Knit Clothing Accessories,Copper Housewares
Zinc Ore,Manganese,Leather Apparel,Laboratory Ceramic Ware
Animal Organs,Plastic Lids,Aluminium Foil,Raw Plastic Sheeting
"Nutmeg, mace and cardamons",Cinnamon,Pepper,Cloves
Olive Oil,Raw Sugar,Vegetable Plaiting Materials,Glass Bottles
Sheep and Goat Meat,Glass Bottles,Buckwheat,Wood Crates
Bitumen and asphalt,Other Slag and Ash,Boiler Plants,Metal Signs
Copper Ore,Other Knit Clothing Accessories,Audio Alarms,Microphones and Headphones
Precious Metal Ore,Knit Sweaters,Zinc Ore,Non-Knit Men's Suits
"Bovine, Sheep, and Goat Fat",Cement Articles,"Awnings, Tents, and Sails",Other Knit Clothing Accessories
Chamois (including combination chamois) leather,Woven Fabrics,Leather further prepared after tanning or crusting of animals (other than ovine),Heavy Pure Woven Cotton
Cigarette Paper,Maps,Knit Socks and Hosiery,Baby Carriages
Cocoa Beans,Confectionery Sugar,Textile Wall Coverings,Leather Apparel
Densified Wood,Iron Cloth,Other Coloring Matter,Aluminium Plating
Fat and Oil Residues,Prepared Rubber Accelerators,Prepr binder for foundry,Other Vinyl Polymers
Iron Ore,Machinery Having Individual Functions,Electric Furnaces,Other Printed Material
Iron Pyrites,Manganese Ore,Cameras,Tin Bars
Nickel Mattes,Nickel Ore,Sulfonamides,Stranded Copper Wire
Oil Seed Flower,Bells and Other Metal Ornaments,Other Musical Instruments,Party Decorations
Other Meat,Paper Spools,Glues,Raw Sugar
Other Ores,Artistry Paints,Pens,Mechanical Wood Pulp
Railway Passenger Cars,Knit Men's Undergarments,Book-binding Machines,Flavored Water
Undeveloped Exposed Photographic Material,Silver Clad Metals,Trunks and Cases,Neck Ties
Debacked Cork,Waxes,Prepared Cotton,Vinegar
Hemp Fibers,Saddlery,Felt,Garments of Impregnated Fabric
Sheep Hides,Aluminium Plating,Buckwheat,Kraft Paper
Tanned Sheep Hides,Light Synthetic Cotton Fabrics,Ink Ribbons,Tanned Goat Hides
Wine Lees,Ink Ribbons,Industrial Printers,Laboratory Reagents
Cadmium,Unmanned aircraft,Zinc Powder,Zinc Ore
Calcium Phosphates,Other Glass Articles,Other Measuring Instruments,Machinery Having Individual Functions
Electrical and electronic waste and scrap,Umbrella and Walking Stick Accessories,Gum Coated Textile Fabric,Window Dressings
Ground Nut Oil,Ground Nut Meal,Decals,Reclaimed Rubber
Hat Forms,Artistry Paints,Pharmaceutical Rubber Products,Cocoa Shells
Lignite,Prefabricated Buildings,Liquid Pumps,Excavation Machinery
Linoleum,Electrical Control Boards,Felt,Prepared Pigments
Mechanical Wood Pulp,Textile Scraps,Scrap Rubber,Aircraft Parts
"Motion-picture film, exposed and developed",Vermouth,Glass Bricks,Shaped Wood
Nickel Ore,Nickel Mattes,Precipitated Copper,Dashboard Clocks
Pig and Poultry Fat,Plastic Lids,Bathroom Ceramics,Raw Plastic Sheeting
Pigs,Other Small Iron Pipes,Oil Seed Flower,Bovine
Platinum Clad Metals,Optical Fibers and optical fibre bundles,Unmanned aircraft,Watch Movements
Raw Copper,Audio Alarms,Soldering and Welding Machinery,Copper Bars
Rye,Eggs,Safety Glass,Iron Sewing Needles
Sorghum,Soldering and Welding Machinery,Electrical Control Boards,Oxygen Heterocyclic Compounds
Sulfur,Letter Stock,Corrugated Paper,Other Printed Material
Wool,Scrap Plastic,Waxes,Synthetic Filament Tow
Artificial Monofilament,Non-Knit Men's Undergarments,Unprocessed Artificial Staple Fibers,Composition leather with a basis of leather or leather fibre
Cocoa Butter,Cocoa Paste,Artistry Paints,Chocolate
Fishing Ships,Netting,Coated Metal Soldering Products,Twine and Rope
Jute Yarn,Non-Retail Animal Hair Yarn,Other Edible Animal Products,Optical Fibers and optical fibre bundles
Lard stearin and oils,"Compounds, inorganic or organic, of mercury, excluding amalgams",Baby Carriages,Iron Reductions
Preserved Fruits and Nuts,Coconut and Other Vegetable Fibers,Inedible Fats and Oils,Other Oily Seeds
Silver Clad Metals,Medical Instruments,Clock Cases and Parts,Pearl Products
Tapioca,Carbonates,Photographic Plates,Borax
Wool or Animal Hair Waste,Coated Textile Fabric,Felt Machinery,Processed Artificial Staple Fibers
"Products containing tobacco, reconstituted tobacco, nicotine, or tobacco or nicotine substitutes",Non-Retail Animal Hair Yarn,Tin Ores,Unmanned aircraft
Other Locomotives,Tool Plates,Other Stainless Steel Bars,Traffic Signals
Pig Hair,Soybeans,Borax,Asphalt Mixtures
Human Hair,Steel Bars,Undeveloped Exposed Photographic Material,Vegetable and Mineral Carvings
Electric Locomotives,Opto-Electric Instrument Parts,Rolled Tobacco,Non-Knit Women's Shirts
Maté,Pig Hair,Rubber Thread,Non-Retail Artificial Staple Fibers Yarn
Cocoa Shells,Saturated Acyclic Monocarboxylic Acids,Vegetable Saps,Unsaturated Acyclic Monocarboxylic Acids
Silk-worm Cocoons,Computers,Microphones and Headphones,Cameras
Animal Hair,Other Furniture,Other Knit Garments,Hand-Woven Tapestries
Cobalt Ore,Glands and Other Organs,Wool Grease,Pig Hair
"Compounds, inorganic or organic, of mercury, excluding amalgams",Gum Coated Textile Fabric,Shaped Wood,Refrigerators
Ground Nut Meal,Other Furniture,Glass Bricks,Computers
Horse Meat,Other Cotton Fabrics,Opto-Electric Instrument Parts,Rolled Tobacco
Horsehair Yarn,Prepared Paint Driers,Semi-Finished Iron,Non-Retail Animal Hair Yarn
Non-Petroleum Gas,Pearl Products,Telephones,Gauze
Raw Silk,Nickel Ore,Semi chemical Woodpulp,Jute Yarn
Tin Ores,Bandages,Other Edible Preparations,Non-Knit Men's Coats
Asbestos,Laboratory Ceramic Ware,Bananas,Other Glass Articles
Uranium and Thorium Ore,Plastic Floor Coverings,Eyewear Frames,Ground Nut Oil
"Flours, meals and pellets of fish, crustaceans, molluscs and other aquatic invertebrates, fit for human consumption",Silk-worm Cocoons,Stranded Copper Wire,Ground Nut Meal
Glazed Ceramics,Wool Grease,String Instruments,"Wood Tar, Oils and Pitch"
Copra,Pianos,"Motion-picture film, exposed and developed",Diamonds
